"year","density","characteristic"
1978,0.179818117819668,297.2
1978,0.189751319566354,297.2
1978,0.200309138062983,297.2
1978,0.207496326731454,297.2
1978,0.211541879690174,297.2
1978,0.212398799816074,297.2
1978,0.209078999709169,297.2
1978,0.200177886123968,297.2
1978,0.195744823185354,297.2
1978,0.193009809104842,297.2
1978,0.186418501843347,297.2
1978,0.173871299010164,297.2
1978,0.156674558300377,297.2
1978,0.142717885158983,297.2
1978,0.134093833415541,297.2
1978,0.133432836186162,297.2
1978,0.136425197957244,297.2
1978,0.141093836710003,297.2
1978,0.147066424771493,297.2
1978,0.152908119359457,297.2
1978,0.161377870082631,297.2
1978,0.172032274130482,297.2
1978,0.185514803202478,297.2
1978,0.200829096614834,297.2
1978,0.215633310473768,297.2
1978,0.227129082475271,297.2
1978,0.232877919061077,297.2
1978,0.235817289735448,297.2
1978,0.236632258151853,297.2
1978,0.237779266506264,297.2
1978,0.238733907841333,297.2
1978,0.240264635306406,297.2
1978,0.244199225770242,297.2
1978,0.250038168968191,297.2
1978,0.250550383389277,297.2
1978,0.242497271327392,297.2
1978,0.230212514897521,297.2
1978,0.225638834499176,297.2
1978,0.233568385272163,297.2
1978,0.250399552346674,297.2
1978,0.268084580262747,297.2
1978,0.277090359663656,297.2
1978,0.273464320348915,297.2
1978,0.261191400703194,297.2
1978,0.245996002987838,297.2
1978,0.236829720671796,297.2
1978,0.23689356108494,297.2
1978,0.250732007372095,297.2
1978,0.273988835102366,297.2
1978,0.299432143723056,297.2
1978,0.317520026531602,297.2
1978,0.32310928688561,297.2
1978,0.32336402190736,297.2
1978,0.319709157929161,297.2
1978,0.318239706442015,297.2
1978,0.32026352271515,297.2
1978,0.324002675617454,297.2
1978,0.330238697519573,297.2
1978,0.333963000810731,297.2
1978,0.332582599150604,297.2
1978,0.327355294154462,297.2
1978,0.321436195117288,297.2
1978,0.315540268431473,297.2
1978,0.310851584884322,297.2
1978,0.310934798153983,297.2
1978,0.318793376817799,297.2
1978,0.335954495132849,297.2
1978,0.357941086956893,297.2
1978,0.377043606390591,297.2
1978,0.387794419465948,297.2
1978,0.392602913954413,297.2
1978,0.395206377363625,297.2
1978,0.396244778508493,297.2
1978,0.397794968515676,297.2
1978,0.401579891388052,297.2
1978,0.407338569459595,297.2
1978,0.407056337889095,297.2
1978,0.399879254122636,297.2
1978,0.391188137371724,297.2
1978,0.386610216871085,297.2
1978,0.385379739214242,297.2
1978,0.390770263173292,297.2
1978,0.3980687529667,297.2
1978,0.40546624641299,297.2
1978,0.413772650980799,297.2
1978,0.424424827511509,297.2
1978,0.436787255632502,297.2
1978,0.449516943894445,297.2
1978,0.463887719980815,297.2
1978,0.47790929774373,297.2
1978,0.488805501353099,297.2
1978,0.495879398199356,297.2
1978,0.500694550996354,297.2
1978,0.509593944189113,297.2
1978,0.526677138877383,297.2
1978,0.560683915770088,297.2
1978,0.610234071690897,297.2
1978,0.677640766674266,297.2
1978,0.762470366713858,297.2
1978,0.858053463479042,297.2
1979,0.139786796579683,259.285714285714
1979,0.144298645212638,259.285714285714
1979,0.144939121279325,259.285714285714
1979,0.143036256113319,259.285714285714
1979,0.138410078330917,259.285714285714
1979,0.1313334473898,259.285714285714
1979,0.12413730459478,259.285714285714
1979,0.113531716055301,259.285714285714
1979,0.106726769719143,259.285714285714
1979,0.103827484126826,259.285714285714
1979,0.103416269939921,259.285714285714
1979,0.103781050637613,259.285714285714
1979,0.104417426411212,259.285714285714
1979,0.106042463713799,259.285714285714
1979,0.109118683341505,259.285714285714
1979,0.110152185267669,259.285714285714
1979,0.110852902956157,259.285714285714
1979,0.113342675287195,259.285714285714
1979,0.117530552945056,259.285714285714
1979,0.125692961541997,259.285714285714
1979,0.142437063805495,259.285714285714
1979,0.167631047943584,259.285714285714
1979,0.185885369217914,259.285714285714
1979,0.19176608312645,259.285714285714
1979,0.18909787996575,259.285714285714
1979,0.184492439309605,259.285714285714
1979,0.182491362856849,259.285714285714
1979,0.183288278739182,259.285714285714
1979,0.187458556627904,259.285714285714
1979,0.195881734102569,259.285714285714
1979,0.204018709978349,259.285714285714
1979,0.21200727238979,259.285714285714
1979,0.22373899760308,259.285714285714
1979,0.238129194830695,259.285714285714
1979,0.25167269432775,259.285714285714
1979,0.264550744896877,259.285714285714
1979,0.27506909838954,259.285714285714
1979,0.285356336881982,259.285714285714
1979,0.297192169507125,259.285714285714
1979,0.311436499312822,259.285714285714
1979,0.32994908304917,259.285714285714
1979,0.354839514748756,259.285714285714
1979,0.381837097381317,259.285714285714
1979,0.40647346858635,259.285714285714
1979,0.424032987716452,259.285714285714
1979,0.42755924939858,259.285714285714
1979,0.414277160432081,259.285714285714
1979,0.39022611673246,259.285714285714
1979,0.365754392488672,259.285714285714
1979,0.347172065208329,259.285714285714
1979,0.340193197975617,259.285714285714
1979,0.346156413520846,259.285714285714
1979,0.357738825925238,259.285714285714
1979,0.37324122876644,259.285714285714
1979,0.388929110738989,259.285714285714
1979,0.405082370072665,259.285714285714
1979,0.417304733877311,259.285714285714
1979,0.427054925849424,259.285714285714
1979,0.433606519824425,259.285714285714
1979,0.437382596800667,259.285714285714
1979,0.435584876650168,259.285714285714
1979,0.42861682349111,259.285714285714
1979,0.418994094009024,259.285714285714
1979,0.408096253302603,259.285714285714
1979,0.396516661227332,259.285714285714
1979,0.388038108997419,259.285714285714
1979,0.384789705093419,259.285714285714
1979,0.388060205119794,259.285714285714
1979,0.398887809202821,259.285714285714
1979,0.416935990160459,259.285714285714
1979,0.440635349034136,259.285714285714
1979,0.464064097839041,259.285714285714
1979,0.484444279004326,259.285714285714
1979,0.497186714661783,259.285714285714
1979,0.502077723608138,259.285714285714
1979,0.499656614362652,259.285714285714
1979,0.493038545201333,259.285714285714
1979,0.485315838147079,259.285714285714
1979,0.480713952972883,259.285714285714
1979,0.482126283658611,259.285714285714
1979,0.488548964798728,259.285714285714
1979,0.495922392587675,259.285714285714
1979,0.500868587106147,259.285714285714
1979,0.505052144481878,259.285714285714
1979,0.513280356287484,259.285714285714
1979,0.526595633313636,259.285714285714
1979,0.534250527131041,259.285714285714
1979,0.539714433660794,259.285714285714
1979,0.541722777713797,259.285714285714
1979,0.541548020093764,259.285714285714
1979,0.54426634691082,259.285714285714
1979,0.552692711853094,259.285714285714
1979,0.571103856997082,259.285714285714
1979,0.597394146257682,259.285714285714
1979,0.638821740617314,259.285714285714
1979,0.683761755379098,259.285714285714
1979,0.733848938155062,259.285714285714
1979,0.78998413218193,259.285714285714
1979,0.85277069173076,259.285714285714
1979,0.916594820162332,259.285714285714
1980,0.188736532544186,212.125
1980,0.184510513803418,212.125
1980,0.181258197822658,212.125
1980,0.17924007861604,212.125
1980,0.176555425950478,212.125
1980,0.173295507954002,212.125
1980,0.165214518265467,212.125
1980,0.162799298787162,212.125
1980,0.159970134902829,212.125
1980,0.155131172121927,212.125
1980,0.150006314215312,212.125
1980,0.143711078362931,212.125
1980,0.136610239172388,212.125
1980,0.130504034587092,212.125
1980,0.128186661752359,212.125
1980,0.130503507735334,212.125
1980,0.136567425455355,212.125
1980,0.144517168940944,212.125
1980,0.135505130224971,212.125
1980,0.143092565763115,212.125
1980,0.149725911610059,212.125
1980,0.157229216989817,212.125
1980,0.165079335574177,212.125
1980,0.171914452937453,212.125
1980,0.176912137936693,212.125
1980,0.179833009607083,212.125
1980,0.179808164327209,212.125
1980,0.177635794821332,212.125
1980,0.174657845596471,212.125
1980,0.174417678922717,212.125
1980,0.177267120717164,212.125
1980,0.183006573427772,212.125
1980,0.190350934511736,212.125
1980,0.198678257323968,212.125
1980,0.208473321097063,212.125
1980,0.217393576933967,212.125
1980,0.223033141399241,212.125
1980,0.224433013163937,212.125
1980,0.218693052060674,212.125
1980,0.206918283087062,212.125
1980,0.194971106405318,212.125
1980,0.189562082911003,212.125
1980,0.18654688357182,212.125
1980,0.181905534012894,212.125
1980,0.18039270316895,212.125
1980,0.183967348537387,212.125
1980,0.189828428425812,212.125
1980,0.197887171783775,212.125
1980,0.205584207016365,212.125
1980,0.210478861172472,212.125
1980,0.21111597093424,212.125
1980,0.207613160970363,212.125
1980,0.203436494965785,212.125
1980,0.201168255897971,212.125
1980,0.206298266972878,212.125
1980,0.216832244854873,212.125
1980,0.233787339251679,212.125
1980,0.250356669798147,212.125
1980,0.264950990533603,212.125
1980,0.273812214163499,212.125
1980,0.278685408181702,212.125
1980,0.281833951204145,212.125
1980,0.288132074896588,212.125
1980,0.298643611372891,212.125
1980,0.31356244971275,212.125
1980,0.326858484335505,212.125
1980,0.336453214318625,212.125
1980,0.342884310486584,212.125
1980,0.347132824572564,212.125
1980,0.35096976765822,212.125
1980,0.356578075467304,212.125
1980,0.366373408881415,212.125
1980,0.379730456079148,212.125
1980,0.396475082717901,212.125
1980,0.409906155529849,212.125
1980,0.420825699670067,212.125
1980,0.428586458529461,212.125
1980,0.434440809036564,212.125
1980,0.440309747804762,212.125
1980,0.446053011439202,212.125
1980,0.454126062357529,212.125
1980,0.463520286013252,212.125
1980,0.471751963440821,212.125
1980,0.478857876557267,212.125
1980,0.489463455148741,212.125
1980,0.502073530177587,212.125
1980,0.5149766965776,212.125
1980,0.529461342864177,212.125
1980,0.5436099870405,212.125
1980,0.557483785376299,212.125
1980,0.572905916017988,212.125
1980,0.589636239436839,212.125
1980,0.607374050483581,212.125
1980,0.627057044993779,212.125
1980,0.649955955541332,212.125
1980,0.683601377896002,212.125
1980,0.734453741818515,212.125
1980,0.800330364774108,212.125
1980,0.873486000052174,212.125
1980,0.957577016214095,212.125
1981,0.21830683534814,166.5
1981,0.22005001889964,166.5
1981,0.218063869062819,166.5
1981,0.213063297146479,166.5
1981,0.20559561094866,166.5
1981,0.196217374077113,166.5
1981,0.18400971171326,166.5
1981,0.171380608279381,166.5
1981,0.159436479034085,166.5
1981,0.149327566225716,166.5
1981,0.139813058854729,166.5
1981,0.131093202278558,166.5
1981,0.122185889811156,166.5
1981,0.115762790496993,166.5
1981,0.113229295736695,166.5
1981,0.11537499582384,166.5
1981,0.121464689699952,166.5
1981,0.130732677606238,166.5
1981,0.142846721983913,166.5
1981,0.157294669473829,166.5
1981,0.170735565407048,166.5
1981,0.179666808688828,166.5
1981,0.182418225316887,166.5
1981,0.180292802214472,166.5
1981,0.176910206653911,166.5
1981,0.174037381850374,166.5
1981,0.172348335126602,166.5
1981,0.171413715309329,166.5
1981,0.172562373557714,166.5
1981,0.176354580103469,166.5
1981,0.184829878985856,166.5
1981,0.196031565689921,166.5
1981,0.208578085972825,166.5
1981,0.22353791668449,166.5
1981,0.241707487082328,166.5
1981,0.262497415779448,166.5
1981,0.285014274812845,166.5
1981,0.307296131437709,166.5
1981,0.326417321287136,166.5
1981,0.341294044679944,166.5
1981,0.351493004646545,166.5
1981,0.357694078474635,166.5
1981,0.361132415891077,166.5
1981,0.362539152968808,166.5
1981,0.36367555457732,166.5
1981,0.365691941881437,166.5
1981,0.369780317126895,166.5
1981,0.375780997148155,166.5
1981,0.38297892569273,166.5
1981,0.390900166645168,166.5
1981,0.400771424187142,166.5
1981,0.411607485426231,166.5
1981,0.424262542718981,166.5
1981,0.436000828294783,166.5
1981,0.445329141411544,166.5
1981,0.453156797432973,166.5
1981,0.462577082040302,166.5
1981,0.472222521909335,166.5
1981,0.480500205657479,166.5
1981,0.489166554262658,166.5
1981,0.497042975848933,166.5
1981,0.505235992445517,166.5
1981,0.511655863449502,166.5
1981,0.517227907332475,166.5
1981,0.5192432077061,166.5
1981,0.517605436189851,166.5
1981,0.510290023821489,166.5
1981,0.503274414233557,166.5
1981,0.502008419436779,166.5
1981,0.508638309957131,166.5
1981,0.519110055857504,166.5
1981,0.52826199246515,166.5
1981,0.533622044016867,166.5
1981,0.536136989104226,166.5
1981,0.536462017024651,166.5
1981,0.536991869605386,166.5
1981,0.537700169109458,166.5
1981,0.53799693750268,166.5
1981,0.540508286460161,166.5
1981,0.544464898199116,166.5
1981,0.543855226020071,166.5
1981,0.540699798625911,166.5
1981,0.537453964835364,166.5
1981,0.535776664268209,166.5
1981,0.538795688023825,166.5
1981,0.545732006851068,166.5
1981,0.555711457190558,166.5
1981,0.567267932299619,166.5
1981,0.581500425585239,166.5
1981,0.598593524909275,166.5
1981,0.617837629924249,166.5
1981,0.637227874414788,166.5
1981,0.656304609544526,166.5
1981,0.677751860731066,166.5
1981,0.706221635362376,166.5
1981,0.750972601020174,166.5
1981,0.812764639147888,166.5
1981,0.888823773971867,166.5
1981,0.973403322454873,166.5
1981,1.04503271618034,166.5
1982,0.119020985501025,161.125
1982,0.120469262192972,161.125
1982,0.127600044870453,161.125
1982,0.138885860660264,161.125
1982,0.153396763114694,161.125
1982,0.160292890815981,161.125
1982,0.165435993440159,161.125
1982,0.169330917549845,161.125
1982,0.173723408986946,161.125
1982,0.180083006128894,161.125
1982,0.188207571547674,161.125
1982,0.19561487781636,161.125
1982,0.201585167460996,161.125
1982,0.205306106049712,161.125
1982,0.207610389015948,161.125
1982,0.209023127408609,161.125
1982,0.210419209613758,161.125
1982,0.213723808274502,161.125
1982,0.219882517941354,161.125
1982,0.228922866353173,161.125
1982,0.240693919345143,161.125
1982,0.251015122394889,161.125
1982,0.259499397548598,161.125
1982,0.268738014168947,161.125
1982,0.277316471601363,161.125
1982,0.283147417292993,161.125
1982,0.284146786889583,161.125
1982,0.282657663821139,161.125
1982,0.282013679810952,161.125
1982,0.282344756832856,161.125
1982,0.28186681332782,161.125
1982,0.280544035612686,161.125
1982,0.280114975459417,161.125
1982,0.281798596866954,161.125
1982,0.284050060426788,161.125
1982,0.285446871642507,161.125
1982,0.296210294445545,161.125
1982,0.304058590576926,161.125
1982,0.30846273809871,161.125
1982,0.309517596344757,161.125
1982,0.309590095095141,161.125
1982,0.309500098155532,161.125
1982,0.310086171389518,161.125
1982,0.312538601353955,161.125
1982,0.319151317173755,161.125
1982,0.329631721087701,161.125
1982,0.343068778801013,161.125
1982,0.355858980494288,161.125
1982,0.365314534830965,161.125
1982,0.372030136639995,161.125
1982,0.376753120442884,161.125
1982,0.382389040714732,161.125
1982,0.388347323578096,161.125
1982,0.39174686919516,161.125
1982,0.396184626367549,161.125
1982,0.403086704904055,161.125
1982,0.408005797312988,161.125
1982,0.410849929360442,161.125
1982,0.411894045907684,161.125
1982,0.413819558394289,161.125
1982,0.418892259483672,161.125
1982,0.426129186854314,161.125
1982,0.434078449080635,161.125
1982,0.441264766850037,161.125
1982,0.445398714807168,161.125
1982,0.450069159330463,161.125
1982,0.456951896783918,161.125
1982,0.46311677662871,161.125
1982,0.466083180093534,161.125
1982,0.467165369009365,161.125
1982,0.466816408242941,161.125
1982,0.464000318505299,161.125
1982,0.458427312815905,161.125
1982,0.451856296455018,161.125
1982,0.445390023086675,161.125
1982,0.442485121627832,161.125
1982,0.444453978985174,161.125
1982,0.451169934384314,161.125
1982,0.460865253370767,161.125
1982,0.4732551070713,161.125
1982,0.48743147320998,161.125
1982,0.503292365302271,161.125
1982,0.518280639808445,161.125
1982,0.530981964287793,161.125
1982,0.542224734000316,161.125
1982,0.5520640123507,161.125
1982,0.556937576382906,161.125
1982,0.558718420873891,161.125
1982,0.559220618847211,161.125
1982,0.561968476901523,161.125
1982,0.568986317341395,161.125
1982,0.581435465885299,161.125
1982,0.599438198430868,161.125
1982,0.624983220341339,161.125
1982,0.659360941910041,161.125
1982,0.706486384724967,161.125
1982,0.766294194257406,161.125
1982,0.833979846471512,161.125
1982,0.907590716849851,161.125
1982,0.961506391407865,161.125
1983,0.138080107875958,96.625
1983,0.136301708532463,96.625
1983,0.135273824604521,96.625
1983,0.13610094902039,96.625
1983,0.1408838599521,96.625
1983,0.148710286753375,96.625
1983,0.158903101220153,96.625
1983,0.171448074395437,96.625
1983,0.184054895922194,96.625
1983,0.196764399789382,96.625
1983,0.208455908277239,96.625
1983,0.217325114733535,96.625
1983,0.224706460216699,96.625
1983,0.231696409972929,96.625
1983,0.237039279493979,96.625
1983,0.240351261036015,96.625
1983,0.244193513392152,96.625
1983,0.248573513014972,96.625
1983,0.254774312146072,96.625
1983,0.263061079339246,96.625
1983,0.272259642846714,96.625
1983,0.282139750299039,96.625
1983,0.289042335308511,96.625
1983,0.290401434418091,96.625
1983,0.293886633753209,96.625
1983,0.292617532044314,96.625
1983,0.290257067316121,96.625
1983,0.288279028350928,96.625
1983,0.284513799065096,96.625
1983,0.282587811325675,96.625
1983,0.277478849191841,96.625
1983,0.278485252217596,96.625
1983,0.27165530415085,96.625
1983,0.265196986416612,96.625
1983,0.262236157991136,96.625
1983,0.264163066597833,96.625
1983,0.267862198796927,96.625
1983,0.269764262267663,96.625
1983,0.269983676922844,96.625
1983,0.270713074537746,96.625
1983,0.273931902380053,96.625
1983,0.282689231318758,96.625
1983,0.290872329789523,96.625
1983,0.297420561739621,96.625
1983,0.300166383580224,96.625
1983,0.305676393306373,96.625
1983,0.312158119572775,96.625
1983,0.316381981182115,96.625
1983,0.319829996941314,96.625
1983,0.324959679716781,96.625
1983,0.332759176571152,96.625
1983,0.340096327474773,96.625
1983,0.343939044005017,96.625
1983,0.348209338481495,96.625
1983,0.354852176278284,96.625
1983,0.363068918449006,96.625
1983,0.376598056882733,96.625
1983,0.391486087954473,96.625
1983,0.401549181439941,96.625
1983,0.407399302257705,96.625
1983,0.411397897714588,96.625
1983,0.417576626659892,96.625
1983,0.422776590168251,96.625
1983,0.426383463141609,96.625
1983,0.427686451586393,96.625
1983,0.427541817675105,96.625
1983,0.427462735335899,96.625
1983,0.43016794375003,96.625
1983,0.434471393226713,96.625
1983,0.438388304789887,96.625
1983,0.439856748227323,96.625
1983,0.439329839613045,96.625
1983,0.438885278889546,96.625
1983,0.441791398241599,96.625
1983,0.446940003791734,96.625
1983,0.451786792640179,96.625
1983,0.455652164459859,96.625
1983,0.459545961209174,96.625
1983,0.462925507179126,96.625
1983,0.46619585536752,96.625
1983,0.469981637298952,96.625
1983,0.470586776754469,96.625
1983,0.468551507735232,96.625
1983,0.465276579380983,96.625
1983,0.460934220420075,96.625
1983,0.455144301849611,96.625
1983,0.447932640748528,96.625
1983,0.441954965230472,96.625
1983,0.439447609931773,96.625
1983,0.440687814347466,96.625
1983,0.449560298751723,96.625
1983,0.46891709498581,96.625
1983,0.501603495063637,96.625
1983,0.550860166847022,96.625
1983,0.618527586769626,96.625
1983,0.701461023153066,96.625
1983,0.791048706802181,96.625
1983,0.867517866117331,96.625
1983,0.920091555908969,96.625
1983,0.949142105142862,96.625
1984,0.174732261192966,123.857142857143
1984,0.17496671193636,123.857142857143
1984,0.174579364912497,123.857142857143
1984,0.173539202941155,123.857142857143
1984,0.171556680127276,123.857142857143
1984,0.171107550605627,123.857142857143
1984,0.173282798943097,123.857142857143
1984,0.176812335075853,123.857142857143
1984,0.180947559779989,123.857142857143
1984,0.188342170112269,123.857142857143
1984,0.198039771979903,123.857142857143
1984,0.207318501287627,123.857142857143
1984,0.215960447434504,123.857142857143
1984,0.224314778554702,123.857142857143
1984,0.231811809342181,123.857142857143
1984,0.237132080073197,123.857142857143
1984,0.23937943424973,123.857142857143
1984,0.239624912608653,123.857142857143
1984,0.241981948177827,123.857142857143
1984,0.247437972101396,123.857142857143
1984,0.253618704861261,123.857142857143
1984,0.259790179089898,123.857142857143
1984,0.266496428774234,123.857142857143
1984,0.274781046548896,123.857142857143
1984,0.278786782660475,123.857142857143
1984,0.275641934693774,123.857142857143
1984,0.269264881523213,123.857142857143
1984,0.263530567166277,123.857142857143
1984,0.258327525224611,123.857142857143
1984,0.258874693995764,123.857142857143
1984,0.264276141122157,123.857142857143
1984,0.272534635502134,123.857142857143
1984,0.278289802665806,123.857142857143
1984,0.282363345151761,123.857142857143
1984,0.28686274418868,123.857142857143
1984,0.290338325264354,123.857142857143
1984,0.293157151052619,123.857142857143
1984,0.295537147815692,123.857142857143
1984,0.298966044163579,123.857142857143
1984,0.304125082878457,123.857142857143
1984,0.309129682454482,123.857142857143
1984,0.3118149906247,123.857142857143
1984,0.313140749008891,123.857142857143
1984,0.31590363209201,123.857142857143
1984,0.321264344194905,123.857142857143
1984,0.330601304672873,123.857142857143
1984,0.342057131797897,123.857142857143
1984,0.348738290863054,123.857142857143
1984,0.359683108391893,123.857142857143
1984,0.368233776648682,123.857142857143
1984,0.376968120233659,123.857142857143
1984,0.384830493394639,123.857142857143
1984,0.392051127156443,123.857142857143
1984,0.399355295357845,123.857142857143
1984,0.406968630798801,123.857142857143
1984,0.41404673892269,123.857142857143
1984,0.419203474659974,123.857142857143
1984,0.421564542104803,123.857142857143
1984,0.421266456219402,123.857142857143
1984,0.421828618626728,123.857142857143
1984,0.423722248416273,123.857142857143
1984,0.426164745971856,123.857142857143
1984,0.432017934879778,123.857142857143
1984,0.439462495506037,123.857142857143
1984,0.44243307038691,123.857142857143
1984,0.446533082491196,123.857142857143
1984,0.453306004884636,123.857142857143
1984,0.463790699458377,123.857142857143
1984,0.482224811302667,123.857142857143
1984,0.495821126538505,123.857142857143
1984,0.504449118290245,123.857142857143
1984,0.506575326319918,123.857142857143
1984,0.507682649848765,123.857142857143
1984,0.514420050396723,123.857142857143
1984,0.521048646138218,123.857142857143
1984,0.531027235763486,123.857142857143
1984,0.543361893372135,123.857142857143
1984,0.555827074023106,123.857142857143
1984,0.567516047792232,123.857142857143
1984,0.583966785280438,123.857142857143
1984,0.593905587305499,123.857142857143
1984,0.601709697640997,123.857142857143
1984,0.60984319957744,123.857142857143
1984,0.617975355848899,123.857142857143
1984,0.624002025511985,123.857142857143
1984,0.627233635436715,123.857142857143
1984,0.62875625947507,123.857142857143
1984,0.629708189699156,123.857142857143
1984,0.63000751821362,123.857142857143
1984,0.630738408348282,123.857142857143
1984,0.632457777743699,123.857142857143
1984,0.63786424476598,123.857142857143
1984,0.648581645070483,123.857142857143
1984,0.662484956277724,123.857142857143
1984,0.678127036453223,123.857142857143
1984,0.696057024329863,123.857142857143
1984,0.719789272182349,123.857142857143
1984,0.750316783825286,123.857142857143
1984,0.789395126569878,123.857142857143
1984,0.825951972137985,123.857142857143
1985,0.0897858592366995,150.125
1985,0.0903204970990053,150.125
1985,0.088952780170013,150.125
1985,0.0896318597962404,150.125
1985,0.0926840775364978,150.125
1985,0.0986388853166196,150.125
1985,0.106935002602113,150.125
1985,0.118106498059316,150.125
1985,0.132284332382979,150.125
1985,0.147218758138093,150.125
1985,0.162447135808413,150.125
1985,0.176745962547872,150.125
1985,0.1906315162078,150.125
1985,0.205006218348958,150.125
1985,0.217961499031434,150.125
1985,0.228285605919421,150.125
1985,0.23539004648433,150.125
1985,0.241444354964689,150.125
1985,0.246681521637626,150.125
1985,0.250715227926447,150.125
1985,0.253565496106324,150.125
1985,0.256903765300362,150.125
1985,0.261415349690877,150.125
1985,0.268110489917819,150.125
1985,0.27674588904647,150.125
1985,0.288618268026757,150.125
1985,0.301551903941227,150.125
1985,0.312270250994777,150.125
1985,0.319493954524086,150.125
1985,0.323886134507459,150.125
1985,0.326525219077917,150.125
1985,0.325968087800407,150.125
1985,0.32296107241305,150.125
1985,0.318290073281166,150.125
1985,0.314703582598201,150.125
1985,0.312877944279062,150.125
1985,0.312451844573442,150.125
1985,0.312498512065991,150.125
1985,0.311244922322444,150.125
1985,0.309967792342449,150.125
1985,0.311244979317117,150.125
1985,0.316574609151008,150.125
1985,0.324354929687361,150.125
1985,0.331717941105466,150.125
1985,0.337334338444867,150.125
1985,0.342594438508423,150.125
1985,0.348350362913116,150.125
1985,0.353558925151785,150.125
1985,0.358848649039197,150.125
1985,0.367619475666621,150.125
1985,0.376117003835165,150.125
1985,0.381022234860595,150.125
1985,0.384969163269034,150.125
1985,0.388614627116594,150.125
1985,0.392426729329475,150.125
1985,0.397907372479873,150.125
1985,0.401695269882626,150.125
1985,0.405844368641999,150.125
1985,0.411121552731572,150.125
1985,0.414577695604286,150.125
1985,0.415632269384662,150.125
1985,0.415875815999893,150.125
1985,0.415953933552216,150.125
1985,0.416932806596433,150.125
1985,0.419871341711464,150.125
1985,0.425465605812517,150.125
1985,0.432068580691479,150.125
1985,0.436853580685351,150.125
1985,0.440765623230164,150.125
1985,0.443695209559603,150.125
1985,0.446330105726064,150.125
1985,0.448230259070394,150.125
1985,0.450502926920435,150.125
1985,0.45398301820416,150.125
1985,0.459290428674062,150.125
1985,0.467313288809797,150.125
1985,0.476141803647994,150.125
1985,0.484863363536219,150.125
1985,0.492128557616971,150.125
1985,0.497773848158688,150.125
1985,0.501987465714966,150.125
1985,0.505845318622745,150.125
1985,0.510010625364043,150.125
1985,0.518009476950985,150.125
1985,0.527532987996269,150.125
1985,0.537140985084256,150.125
1985,0.546440307518672,150.125
1985,0.553193215424584,150.125
1985,0.558854675999375,150.125
1985,0.565601819739772,150.125
1985,0.575817625762213,150.125
1985,0.58779576566189,150.125
1985,0.606956615939513,150.125
1985,0.636476024100734,150.125
1985,0.669301516955703,150.125
1985,0.709832527870637,150.125
1985,0.761573616281408,150.125
1985,0.827211369900409,150.125
1985,0.898647474095923,150.125
1985,0.961574499755428,150.125
1986,0.0766390564990425,113.142857142857
1986,0.0739327057930229,113.142857142857
1986,0.070609956522459,113.142857142857
1986,0.0690447363363586,113.142857142857
1986,0.081289719524607,113.142857142857
1986,0.0896352032880982,113.142857142857
1986,0.0961481078178969,113.142857142857
1986,0.0986563513245696,113.142857142857
1986,0.0986857889699059,113.142857142857
1986,0.0977290180694493,113.142857142857
1986,0.0979000781326022,113.142857142857
1986,0.102064689354418,113.142857142857
1986,0.108510283217301,113.142857142857
1986,0.115561654771978,113.142857142857
1986,0.12128061689714,113.142857142857
1986,0.125101481541659,113.142857142857
1986,0.125928105408358,113.142857142857
1986,0.125347045438623,113.142857142857
1986,0.126000515908487,113.142857142857
1986,0.127515876847905,113.142857142857
1986,0.130182175117786,113.142857142857
1986,0.13510045132159,113.142857142857
1986,0.140936110767046,113.142857142857
1986,0.147249188775568,113.142857142857
1986,0.156062802418618,113.142857142857
1986,0.165325896350191,113.142857142857
1986,0.16921586761499,113.142857142857
1986,0.169725987178045,113.142857142857
1986,0.170449862955718,113.142857142857
1986,0.171681457380569,113.142857142857
1986,0.174520087639686,113.142857142857
1986,0.178113131152674,113.142857142857
1986,0.185228308405069,113.142857142857
1986,0.195349855219094,113.142857142857
1986,0.205818582446035,113.142857142857
1986,0.215828058844179,113.142857142857
1986,0.225205210232413,113.142857142857
1986,0.233856879754707,113.142857142857
1986,0.257710071930625,113.142857142857
1986,0.283387351878445,113.142857142857
1986,0.296119499250619,113.142857142857
1986,0.309562672397698,113.142857142857
1986,0.325965842682331,113.142857142857
1986,0.340327562205926,113.142857142857
1986,0.356128939511988,113.142857142857
1986,0.378085416601114,113.142857142857
1986,0.40006871390853,113.142857142857
1986,0.415124379248805,113.142857142857
1986,0.423870758390505,113.142857142857
1986,0.430376603927914,113.142857142857
1986,0.438490673205834,113.142857142857
1986,0.448256973278587,113.142857142857
1986,0.45862033299365,113.142857142857
1986,0.468238191715884,113.142857142857
1986,0.4744368218721,113.142857142857
1986,0.479221961704408,113.142857142857
1986,0.486316724775254,113.142857142857
1986,0.497455049089616,113.142857142857
1986,0.512527839103861,113.142857142857
1986,0.52943366059085,113.142857142857
1986,0.546743023858758,113.142857142857
1986,0.564331495324536,113.142857142857
1986,0.581800923595097,113.142857142857
1986,0.596898449238171,113.142857142857
1986,0.607933073422909,113.142857142857
1986,0.615997986081634,113.142857142857
1986,0.621514458388047,113.142857142857
1986,0.622842871997689,113.142857142857
1986,0.618470548732037,113.142857142857
1986,0.610464452616838,113.142857142857
1986,0.599496511918979,113.142857142857
1986,0.58751837787707,113.142857142857
1986,0.577299833731459,113.142857142857
1986,0.570437850144238,113.142857142857
1986,0.568146446084285,113.142857142857
1986,0.569355452114804,113.142857142857
1986,0.572350105125178,113.142857142857
1986,0.576680400748452,113.142857142857
1986,0.585194859510849,113.142857142857
1986,0.594602669042495,113.142857142857
1986,0.600397594575965,113.142857142857
1986,0.609234085659525,113.142857142857
1986,0.6221979256275,113.142857142857
1986,0.630626996709867,113.142857142857
1986,0.632687897517462,113.142857142857
1986,0.634631475282824,113.142857142857
1986,0.645134859046369,113.142857142857
1986,0.653061900242775,113.142857142857
1986,0.667081161967459,113.142857142857
1986,0.683283837286339,113.142857142857
1986,0.701587227640989,113.142857142857
1986,0.724409098004602,113.142857142857
1986,0.745292384982998,113.142857142857
1986,0.759649791368831,113.142857142857
1986,0.769469103110448,113.142857142857
1986,0.780262601256998,113.142857142857
1986,0.797548005598764,113.142857142857
1986,0.824317930576817,113.142857142857
1986,0.857988546980518,113.142857142857
1986,0.886194544812388,113.142857142857
1987,0.0916694408457387,137.142857142857
1987,0.0974045827646377,137.142857142857
1987,0.100598280790827,137.142857142857
1987,0.10311199531376,137.142857142857
1987,0.104824988602514,137.142857142857
1987,0.106160448236274,137.142857142857
1987,0.108606977498765,137.142857142857
1987,0.114050525945873,137.142857142857
1987,0.123263420010614,137.142857142857
1987,0.130962414985005,137.142857142857
1987,0.134336327510607,137.142857142857
1987,0.133442879967911,137.142857142857
1987,0.130201020388666,137.142857142857
1987,0.126316713003057,137.142857142857
1987,0.124763848741404,137.142857142857
1987,0.126581811476324,137.142857142857
1987,0.132767980973964,137.142857142857
1987,0.143486285614758,137.142857142857
1987,0.156754531226082,137.142857142857
1987,0.169498096898016,137.142857142857
1987,0.179301817991533,137.142857142857
1987,0.183971966305768,137.142857142857
1987,0.185135938492049,137.142857142857
1987,0.186649019949685,137.142857142857
1987,0.190890575697231,137.142857142857
1987,0.198011541542281,137.142857142857
1987,0.204894661987591,137.142857142857
1987,0.211500959872886,137.142857142857
1987,0.218403525047169,137.142857142857
1987,0.226060565896588,137.142857142857
1987,0.233670883873507,137.142857142857
1987,0.240532754894487,137.142857142857
1987,0.247732303233156,137.142857142857
1987,0.258921908197144,137.142857142857
1987,0.276390896409485,137.142857142857
1987,0.294792454108104,137.142857142857
1987,0.307339841182435,137.142857142857
1987,0.314842151565674,137.142857142857
1987,0.320763972814759,137.142857142857
1987,0.326188492201655,137.142857142857
1987,0.332277935526106,137.142857142857
1987,0.340162030419213,137.142857142857
1987,0.350938648740933,137.142857142857
1987,0.364621909298116,137.142857142857
1987,0.380508326412556,137.142857142857
1987,0.394918220519724,137.142857142857
1987,0.407294201754328,137.142857142857
1987,0.419593481021656,137.142857142857
1987,0.43430902737358,137.142857142857
1987,0.448137410717131,137.142857142857
1987,0.459598099692386,137.142857142857
1987,0.467647451007875,137.142857142857
1987,0.474140213546195,137.142857142857
1987,0.48176895234203,137.142857142857
1987,0.490852253731487,137.142857142857
1987,0.499722213963484,137.142857142857
1987,0.508250311678492,137.142857142857
1987,0.520680681097272,137.142857142857
1987,0.526111733475867,137.142857142857
1987,0.528213097021737,137.142857142857
1987,0.525569239409298,137.142857142857
1987,0.517130313562036,137.142857142857
1987,0.509276036284927,137.142857142857
1987,0.505397337600866,137.142857142857
1987,0.50399449507078,137.142857142857
1987,0.503320497615775,137.142857142857
1987,0.499933007960145,137.142857142857
1987,0.495330484557404,137.142857142857
1987,0.491717725556525,137.142857142857
1987,0.484994608806917,137.142857142857
1987,0.480985448203945,137.142857142857
1987,0.478852262829352,137.142857142857
1987,0.480019415388978,137.142857142857
1987,0.482195187071282,137.142857142857
1987,0.484240391351216,137.142857142857
1987,0.487431111238729,137.142857142857
1987,0.493119356632575,137.142857142857
1987,0.499129852275353,137.142857142857
1987,0.502764034080885,137.142857142857
1987,0.504310523067366,137.142857142857
1987,0.506939897814571,137.142857142857
1987,0.512542538356362,137.142857142857
1987,0.518160323525825,137.142857142857
1987,0.532066546476349,137.142857142857
1987,0.538020305600469,137.142857142857
1987,0.541400490389526,137.142857142857
1987,0.544202971599902,137.142857142857
1987,0.547002828095861,137.142857142857
1987,0.550687369605912,137.142857142857
1987,0.556089025913209,137.142857142857
1987,0.563845548426215,137.142857142857
1987,0.575478040190987,137.142857142857
1987,0.593140009404136,137.142857142857
1987,0.617918139844634,137.142857142857
1987,0.645224606819271,137.142857142857
1987,0.681940612803305,137.142857142857
1987,0.719348765878326,137.142857142857
1987,0.761026199350303,137.142857142857
1987,0.800201443930149,137.142857142857
1987,0.827464334187339,137.142857142857
1988,0.153855573202157,205.375
1988,0.15556910994734,205.375
1988,0.151640493236892,205.375
1988,0.145636206945505,205.375
1988,0.134941967036199,205.375
1988,0.122091679064702,205.375
1988,0.113837720684265,205.375
1988,0.113469586245622,205.375
1988,0.119952686088782,205.375
1988,0.131219966919454,205.375
1988,0.142830163873538,205.375
1988,0.144522252581161,205.375
1988,0.143844369147404,205.375
1988,0.146199342388783,205.375
1988,0.152672431496892,205.375
1988,0.162795183402172,205.375
1988,0.172202525616712,205.375
1988,0.181700023823911,205.375
1988,0.192082138893959,205.375
1988,0.197358088668088,205.375
1988,0.195852764036328,205.375
1988,0.196679165419565,205.375
1988,0.205727683378853,205.375
1988,0.220510182635576,205.375
1988,0.236071381648268,205.375
1988,0.250137782411274,205.375
1988,0.263394470906161,205.375
1988,0.275443080733118,205.375
1988,0.28383339762542,205.375
1988,0.287919372113287,205.375
1988,0.289169119440217,205.375
1988,0.288867666366986,205.375
1988,0.287914076202689,205.375
1988,0.288001065698646,205.375
1988,0.291055045603931,205.375
1988,0.29550340963521,205.375
1988,0.299855149363962,205.375
1988,0.30128867076528,205.375
1988,0.298839452922087,205.375
1988,0.295558786401019,205.375
1988,0.294194333948909,205.375
1988,0.296818728834308,205.375
1988,0.30017524010471,205.375
1988,0.308735152211346,205.375
1988,0.325220542928749,205.375
1988,0.348164654042461,205.375
1988,0.37201907737715,205.375
1988,0.392082125325085,205.375
1988,0.40676531909141,205.375
1988,0.41511090246167,205.375
1988,0.420522550648306,205.375
1988,0.420589318453369,205.375
1988,0.415722054891194,205.375
1988,0.405505397714714,205.375
1988,0.392776698759042,205.375
1988,0.378708779539328,205.375
1988,0.368310475501959,205.375
1988,0.368062513356391,205.375
1988,0.374389214085667,205.375
1988,0.382901295397025,205.375
1988,0.385114266892934,205.375
1988,0.383410615977713,205.375
1988,0.381093981256285,205.375
1988,0.383081218230778,205.375
1988,0.389846146913996,205.375
1988,0.401132876773464,205.375
1988,0.414362058786622,205.375
1988,0.426101617148343,205.375
1988,0.43542366863046,205.375
1988,0.440557572030087,205.375
1988,0.439934618547723,205.375
1988,0.436010665063288,205.375
1988,0.43649276280563,205.375
1988,0.440459922106392,205.375
1988,0.445255811483555,205.375
1988,0.453130702421842,205.375
1988,0.465698586807089,205.375
1988,0.479008075949948,205.375
1988,0.491240623136044,205.375
1988,0.503025524278045,205.375
1988,0.514111068868337,205.375
1988,0.521674480422701,205.375
1988,0.524238834670302,205.375
1988,0.521294710516322,205.375
1988,0.51626172037165,205.375
1988,0.512837333236228,205.375
1988,0.512622959047057,205.375
1988,0.517035370341157,205.375
1988,0.525319451103452,205.375
1988,0.536535551756244,205.375
1988,0.551692472471765,205.375
1988,0.567169078264881,205.375
1988,0.578079813352006,205.375
1988,0.586142086968683,205.375
1988,0.592489871415671,205.375
1988,0.596826840669082,205.375
1988,0.603952160086036,205.375
1988,0.614790582680372,205.375
1988,0.634176785610253,205.375
1988,0.664914194108583,205.375
1989,0.199127436529634,117.625
1989,0.20225693797212,117.625
1989,0.204730920812083,117.625
1989,0.207519264824087,117.625
1989,0.214399555877112,117.625
1989,0.220239987069196,117.625
1989,0.225111627366359,117.625
1989,0.232972045307083,117.625
1989,0.242040783085678,117.625
1989,0.249034461473484,117.625
1989,0.252563634671031,117.625
1989,0.253999870426439,117.625
1989,0.255048317231598,117.625
1989,0.254654135344966,117.625
1989,0.253244997269691,117.625
1989,0.251709250725936,117.625
1989,0.251268440513218,117.625
1989,0.252639003874642,117.625
1989,0.256179026985739,117.625
1989,0.261842597928412,117.625
1989,0.269353390981161,117.625
1989,0.279666099136599,117.625
1989,0.290881908705893,117.625
1989,0.301682125345941,117.625
1989,0.312699107254812,117.625
1989,0.321219249956408,117.625
1989,0.33517598198332,117.625
1989,0.34981622030026,117.625
1989,0.363002493641658,117.625
1989,0.376287090444748,117.625
1989,0.389176358029529,117.625
1989,0.399203320810285,117.625
1989,0.404104775717547,117.625
1989,0.404145967737766,117.625
1989,0.402812511016788,117.625
1989,0.403369687922802,117.625
1989,0.406516351652998,117.625
1989,0.411697447932841,117.625
1989,0.416125418253334,117.625
1989,0.418845142805882,117.625
1989,0.421124182889705,117.625
1989,0.425002787161621,117.625
1989,0.428661265144695,117.625
1989,0.431207053332734,117.625
1989,0.431314136171874,117.625
1989,0.430109922897201,117.625
1989,0.429651079623759,117.625
1989,0.432368292272151,117.625
1989,0.437790863047756,117.625
1989,0.442507979305683,117.625
1989,0.446140245055146,117.625
1989,0.450474810722571,117.625
1989,0.45574438050972,117.625
1989,0.464811980271307,117.625
1989,0.478242239914215,117.625
1989,0.492970150088582,117.625
1989,0.505992896997411,117.625
1989,0.515786179585123,117.625
1989,0.523308231011731,117.625
1989,0.525616282726663,117.625
1989,0.522851507359302,117.625
1989,0.516644823833795,117.625
1989,0.509148355425279,117.625
1989,0.501999407910346,117.625
1989,0.496486453196012,117.625
1989,0.4938115635101,117.625
1989,0.49250506914615,117.625
1989,0.48996323289408,117.625
1989,0.488199019632906,117.625
1989,0.489862947183979,117.625
1989,0.49579003139355,117.625
1989,0.50395328305593,117.625
1989,0.511355591433882,117.625
1989,0.51519098837867,117.625
1989,0.516783441936664,117.625
1989,0.519487528587797,117.625
1989,0.523242245266792,117.625
1989,0.524564232852066,117.625
1989,0.525926475267354,117.625
1989,0.529262558765366,117.625
1989,0.53460464799314,117.625
1989,0.539554112217462,117.625
1989,0.546360008011159,117.625
1989,0.554146647314474,117.625
1989,0.559315699577631,117.625
1989,0.561400754347009,117.625
1989,0.56384534987905,117.625
1989,0.569897072932795,117.625
1989,0.578839291366094,117.625
1989,0.587697961676916,117.625
1989,0.6027081324347,117.625
1989,0.608557598037102,117.625
1989,0.614882562056343,117.625
1989,0.626345197421291,117.625
1989,0.646266460264148,117.625
1989,0.673669874097678,117.625
1989,0.705371120326909,117.625
1989,0.740046711407341,117.625
1989,0.77759170428966,117.625
1989,0.812546460690965,117.625
1990,0.255029307615926,102.375
1990,0.257771562971425,102.375
1990,0.262120706527854,102.375
1990,0.264953656998047,102.375
1990,0.270306480821979,102.375
1990,0.280569630139271,102.375
1990,0.289636434744723,102.375
1990,0.294944982816809,102.375
1990,0.296988520083143,102.375
1990,0.302146929703169,102.375
1990,0.308137408224974,102.375
1990,0.3096299471127,102.375
1990,0.308462573184252,102.375
1990,0.303743908757286,102.375
1990,0.300919466612165,102.375
1990,0.29760252731852,102.375
1990,0.291607715646312,102.375
1990,0.289163839841442,102.375
1990,0.286747709457461,102.375
1990,0.287369956116469,102.375
1990,0.29444879874709,102.375
1990,0.301390807955894,102.375
1990,0.311648609513756,102.375
1990,0.317067470902923,102.375
1990,0.322616849863603,102.375
1990,0.329585307619865,102.375
1990,0.337321556547304,102.375
1990,0.344779332411952,102.375
1990,0.348520882781754,102.375
1990,0.353318482571364,102.375
1990,0.360881052670128,102.375
1990,0.369858109211295,102.375
1990,0.373614836621435,102.375
1990,0.375256640335153,102.375
1990,0.376476022273836,102.375
1990,0.380085489818611,102.375
1990,0.382455503202723,102.375
1990,0.382891719820298,102.375
1990,0.383472998150815,102.375
1990,0.384588100481258,102.375
1990,0.388232759782824,102.375
1990,0.394332244318917,102.375
1990,0.399083842570812,102.375
1990,0.400960621941033,102.375
1990,0.40310127475773,102.375
1990,0.40739982752552,102.375
1990,0.413274584237352,102.375
1990,0.417907570205326,102.375
1990,0.419515794423161,102.375
1990,0.418530040649213,102.375
1990,0.415519735418111,102.375
1990,0.413204219691261,102.375
1990,0.412920083163944,102.375
1990,0.416183370826866,102.375
1990,0.422131351252913,102.375
1990,0.428834265899729,102.375
1990,0.436093133626757,102.375
1990,0.443327976467373,102.375
1990,0.453136559487551,102.375
1990,0.466102407821755,102.375
1990,0.478978276033826,102.375
1990,0.4899992912398,102.375
1990,0.498193931952085,102.375
1990,0.505903617256262,102.375
1990,0.510106494296061,102.375
1990,0.513595933435976,102.375
1990,0.519602707146856,102.375
1990,0.528186157618319,102.375
1990,0.536207123435687,102.375
1990,0.544125026274601,102.375
1990,0.55057689876522,102.375
1990,0.552960667551109,102.375
1990,0.552260291766371,102.375
1990,0.549793294867425,102.375
1990,0.546685468121524,102.375
1990,0.544960481413478,102.375
1990,0.542799144512283,102.375
1990,0.540585732974232,102.375
1990,0.542651839464,102.375
1990,0.545960040183212,102.375
1990,0.550752334686628,102.375
1990,0.557694694252326,102.375
1990,0.565692269712838,102.375
1990,0.570895942826245,102.375
1990,0.577310743860778,102.375
1990,0.597943579889892,102.375
1990,0.610882707019534,102.375
1990,0.615939521107339,102.375
1990,0.622895792960484,102.375
1990,0.633561201799146,102.375
1990,0.648199900405604,102.375
1990,0.666021283537351,102.375
1990,0.689355095936433,102.375
1990,0.717959515340336,102.375
1990,0.749847887318349,102.375
1990,0.784223714699707,102.375
1990,0.822213950081607,102.375
1990,0.861662630685519,102.375
1990,0.902634561564695,102.375
1990,0.932009993406587,102.375
1991,0.15356097184831,78.75
1991,0.154367555052017,78.75
1991,0.154606893571618,78.75
1991,0.154213302704356,78.75
1991,0.153683891236959,78.75
1991,0.15313265670151,78.75
1991,0.152560999745132,78.75
1991,0.152956255644407,78.75
1991,0.153756746290953,78.75
1991,0.156921256523183,78.75
1991,0.159783239034413,78.75
1991,0.159176589041789,78.75
1991,0.156504911897145,78.75
1991,0.158702457084142,78.75
1991,0.161367081251758,78.75
1991,0.16272127081267,78.75
1991,0.165041049430594,78.75
1991,0.168997832444292,78.75
1991,0.173739655264127,78.75
1991,0.180112878316065,78.75
1991,0.188044757788041,78.75
1991,0.192396171489367,78.75
1991,0.19267385726652,78.75
1991,0.200978879724764,78.75
1991,0.204936018470514,78.75
1991,0.206675578296548,78.75
1991,0.211216043042479,78.75
1991,0.215676704633185,78.75
1991,0.225001012591568,78.75
1991,0.237584963342162,78.75
1991,0.24401515727653,78.75
1991,0.245330277185575,78.75
1991,0.251704068377351,78.75
1991,0.259565969332046,78.75
1991,0.263811629570124,78.75
1991,0.270625363095032,78.75
1991,0.27780153980106,78.75
1991,0.289053853920899,78.75
1991,0.297023426251571,78.75
1991,0.302944214224448,78.75
1991,0.310693604662182,78.75
1991,0.319212744956761,78.75
1991,0.328294207635902,78.75
1991,0.338154460482374,78.75
1991,0.344458263678997,78.75
1991,0.349059210881215,78.75
1991,0.353523645104681,78.75
1991,0.358474059668902,78.75
1991,0.364456294483108,78.75
1991,0.372362402717323,78.75
1991,0.382428200108355,78.75
1991,0.399150898065666,78.75
1991,0.410114775471192,78.75
1991,0.424685193444179,78.75
1991,0.436516540312512,78.75
1991,0.443921192664027,78.75
1991,0.452106943123239,78.75
1991,0.4584426898106,78.75
1991,0.463908990863809,78.75
1991,0.469572346601784,78.75
1991,0.475842650471162,78.75
1991,0.481782184442673,78.75
1991,0.486152650842389,78.75
1991,0.48942715705813,78.75
1991,0.493194311935614,78.75
1991,0.49871513346312,78.75
1991,0.507367959968135,78.75
1991,0.518093744875556,78.75
1991,0.529064678856413,78.75
1991,0.537429028888275,78.75
1991,0.543819073981937,78.75
1991,0.55256508752955,78.75
1991,0.567935037659517,78.75
1991,0.597383174132415,78.75
1991,0.620635906382576,78.75
1991,0.637427135829421,78.75
1991,0.650337901306805,78.75
1991,0.658360890691195,78.75
1991,0.663554346682355,78.75
1991,0.668159801432414,78.75
1991,0.67310569534917,78.75
1991,0.676353048826654,78.75
1991,0.67649970711396,78.75
1991,0.674771258517827,78.75
1991,0.671782683977398,78.75
1991,0.669061448463857,78.75
1991,0.666736320262631,78.75
1991,0.66734049052511,78.75
1991,0.672017348358044,78.75
1991,0.679719498639467,78.75
1991,0.690717229697782,78.75
1991,0.703614962901548,78.75
1991,0.713641885908825,78.75
1991,0.731104912608341,78.75
1991,0.754196129869398,78.75
1991,0.773455277483671,78.75
1991,0.788508122691387,78.75
1991,0.797706808111024,78.75
1991,0.814785877711421,78.75
1991,0.841913456309085,78.75
1992,0.270475392857606,106.375
1992,0.275938682144998,106.375
1992,0.277941824084823,106.375
1992,0.277672857877652,106.375
1992,0.277317838932251,106.375
1992,0.279562006979171,106.375
1992,0.284382506957412,106.375
1992,0.291729127546152,106.375
1992,0.300615031327855,106.375
1992,0.314090097441222,106.375
1992,0.323730606249362,106.375
1992,0.331775099471234,106.375
1992,0.337233600731356,106.375
1992,0.340764167481366,106.375
1992,0.343924837431647,106.375
1992,0.348427776286898,106.375
1992,0.352483059267249,106.375
1992,0.355271163810611,106.375
1992,0.358798717978196,106.375
1992,0.364544402071005,106.375
1992,0.368713624443576,106.375
1992,0.36920508507611,106.375
1992,0.366545155434248,106.375
1992,0.362215472903521,106.375
1992,0.35840837923904,106.375
1992,0.356427652470276,106.375
1992,0.356958326817071,106.375
1992,0.359461625704836,106.375
1992,0.363923104469372,106.375
1992,0.370235646404779,106.375
1992,0.377458501938097,106.375
1992,0.386747394179297,106.375
1992,0.39435168768406,106.375
1992,0.399729265039353,106.375
1992,0.402570864828675,106.375
1992,0.403141376034488,106.375
1992,0.405942430358429,106.375
1992,0.413808444146224,106.375
1992,0.423693465195446,106.375
1992,0.431365835823537,106.375
1992,0.436775909716186,106.375
1992,0.440600688249753,106.375
1992,0.444265395194494,106.375
1992,0.448640566981669,106.375
1992,0.453379942114478,106.375
1992,0.455809591274749,106.375
1992,0.456544299038851,106.375
1992,0.457006066354369,106.375
1992,0.45916964992155,106.375
1992,0.463629166353005,106.375
1992,0.468669683254511,106.375
1992,0.471640597695542,106.375
1992,0.47047525895946,106.375
1992,0.466777648022841,106.375
1992,0.460276190144215,106.375
1992,0.453893512477166,106.375
1992,0.45159357384845,106.375
1992,0.450080229055746,106.375
1992,0.448235954062312,106.375
1992,0.449272047254962,106.375
1992,0.452524147004912,106.375
1992,0.454784082394765,106.375
1992,0.458193695970155,106.375
1992,0.464013546029382,106.375
1992,0.468022428961285,106.375
1992,0.468870764193523,106.375
1992,0.469388112631122,106.375
1992,0.472030335694792,106.375
1992,0.47744198987742,106.375
1992,0.485310442392827,106.375
1992,0.491758473767014,106.375
1992,0.495891875358113,106.375
1992,0.499813006486043,106.375
1992,0.50623314997654,106.375
1992,0.516312094374834,106.375
1992,0.525937101327933,106.375
1992,0.5331534838821,106.375
1992,0.535624644099493,106.375
1992,0.53390608121889,106.375
1992,0.530555976759009,106.375
1992,0.528033752195319,106.375
1992,0.528840372179803,106.375
1992,0.530141904940006,106.375
1992,0.532720194437875,106.375
1992,0.537590577073246,106.375
1992,0.544150961187855,106.375
1992,0.552651782835704,106.375
1992,0.561795876025554,106.375
1992,0.570496734959015,106.375
1992,0.579534322291452,106.375
1992,0.591067317130806,106.375
1992,0.604179839747158,106.375
1992,0.62093371417071,106.375
1992,0.642719733729246,106.375
1992,0.671926537432887,106.375
1992,0.710324607129112,106.375
1992,0.756156794773163,106.375
1992,0.804465686302903,106.375
1992,0.853104435410414,106.375
1992,0.893312689745471,106.375
1993,0.220876357863621,97.1428571428571
1993,0.224530097923401,97.1428571428571
1993,0.229104984823146,97.1428571428571
1993,0.234192698871139,97.1428571428571
1993,0.240768440076966,97.1428571428571
1993,0.249449165757159,97.1428571428571
1993,0.256270527475992,97.1428571428571
1993,0.262409943798399,97.1428571428571
1993,0.268394474031299,97.1428571428571
1993,0.275677231014006,97.1428571428571
1993,0.284712608023151,97.1428571428571
1993,0.294622770748069,97.1428571428571
1993,0.307348559439175,97.1428571428571
1993,0.319655595906879,97.1428571428571
1993,0.334739719551116,97.1428571428571
1993,0.345978255183755,97.1428571428571
1993,0.355223972181045,97.1428571428571
1993,0.36532024092514,97.1428571428571
1993,0.373670044584476,97.1428571428571
1993,0.38063263203968,97.1428571428571
1993,0.385554802629748,97.1428571428571
1993,0.389492599777844,97.1428571428571
1993,0.391084572279411,97.1428571428571
1993,0.392672467670558,97.1428571428571
1993,0.395348684320614,97.1428571428571
1993,0.398572562270052,97.1428571428571
1993,0.400379226676452,97.1428571428571
1993,0.401242710483134,97.1428571428571
1993,0.401998928417131,97.1428571428571
1993,0.404528633915731,97.1428571428571
1993,0.411052868187703,97.1428571428571
1993,0.419678165307595,97.1428571428571
1993,0.426750752027232,97.1428571428571
1993,0.438656942769173,97.1428571428571
1993,0.451268075782219,97.1428571428571
1993,0.459681872234539,97.1428571428571
1993,0.476139699560625,97.1428571428571
1993,0.498519182787636,97.1428571428571
1993,0.512102466099852,97.1428571428571
1993,0.522682891796866,97.1428571428571
1993,0.532363191138443,97.1428571428571
1993,0.541154745295822,97.1428571428571
1993,0.552705563765846,97.1428571428571
1993,0.564933006449305,97.1428571428571
1993,0.577613289531691,97.1428571428571
1993,0.58885563426769,97.1428571428571
1993,0.595161004956139,97.1428571428571
1993,0.595616889497119,97.1428571428571
1993,0.592077763503695,97.1428571428571
1993,0.589834664566332,97.1428571428571
1993,0.592338241265767,97.1428571428571
1993,0.596781440646947,97.1428571428571
1993,0.598361849205438,97.1428571428571
1993,0.594410196307647,97.1428571428571
1993,0.585620139914322,97.1428571428571
1993,0.575576305899254,97.1428571428571
1993,0.567154969055298,97.1428571428571
1993,0.565465577222095,97.1428571428571
1993,0.565274180503787,97.1428571428571
1993,0.566642212889135,97.1428571428571
1993,0.565041102937203,97.1428571428571
1993,0.560434713410899,97.1428571428571
1993,0.558329397239596,97.1428571428571
1993,0.55434415191699,97.1428571428571
1993,0.548526064455439,97.1428571428571
1993,0.547194805441162,97.1428571428571
1993,0.552967554046524,97.1428571428571
1993,0.558579804720624,97.1428571428571
1993,0.564591568123822,97.1428571428571
1993,0.57446727814666,97.1428571428571
1993,0.580782296570709,97.1428571428571
1993,0.583533442151748,97.1428571428571
1993,0.585163953850095,97.1428571428571
1993,0.58700952740765,97.1428571428571
1993,0.583960386175271,97.1428571428571
1993,0.581645635800742,97.1428571428571
1993,0.580769582780554,97.1428571428571
1993,0.581391916355766,97.1428571428571
1993,0.582451864646405,97.1428571428571
1993,0.586708938375942,97.1428571428571
1993,0.594231076179836,97.1428571428571
1993,0.603329734269515,97.1428571428571
1993,0.612313555472545,97.1428571428571
1993,0.619353341672933,97.1428571428571
1993,0.624660649082294,97.1428571428571
1993,0.630122219028488,97.1428571428571
1993,0.637293500652427,97.1428571428571
1993,0.646358839305064,97.1428571428571
1993,0.656986049487351,97.1428571428571
1993,0.666467936488328,97.1428571428571
1993,0.676162028962293,97.1428571428571
1993,0.688653992623885,97.1428571428571
1993,0.703007408299814,97.1428571428571
1993,0.717034820457326,97.1428571428571
1993,0.72897397403679,97.1428571428571
1993,0.741918809457213,97.1428571428571
1993,0.760400792868776,97.1428571428571
1993,0.783638551365668,97.1428571428571
1993,0.806722002998255,97.1428571428571
1993,0.822829536367391,97.1428571428571
1994,0.193263805128317,98.125
1994,0.190431064253571,98.125
1994,0.186516716850239,98.125
1994,0.181600695607881,98.125
1994,0.173566061136396,98.125
1994,0.170806202524613,98.125
1994,0.171248278026013,98.125
1994,0.176605460278764,98.125
1994,0.182285904380847,98.125
1994,0.186918377182855,98.125
1994,0.193474351960044,98.125
1994,0.197323515671403,98.125
1994,0.19609622662654,98.125
1994,0.199564145295107,98.125
1994,0.210248682054143,98.125
1994,0.220838025569308,98.125
1994,0.227451417809411,98.125
1994,0.232514574140995,98.125
1994,0.238300571195987,98.125
1994,0.245099079327556,98.125
1994,0.252997039582392,98.125
1994,0.260912642965621,98.125
1994,0.266897598871333,98.125
1994,0.270583238385576,98.125
1994,0.272318025881901,98.125
1994,0.271270660881992,98.125
1994,0.2691151227358,98.125
1994,0.269100483183227,98.125
1994,0.272148981180155,98.125
1994,0.277987149579929,98.125
1994,0.288927102864898,98.125
1994,0.296921058988863,98.125
1994,0.30437483178105,98.125
1994,0.309875789290387,98.125
1994,0.314885110639754,98.125
1994,0.324354904037126,98.125
1994,0.333247649493424,98.125
1994,0.344292130124106,98.125
1994,0.354258590066567,98.125
1994,0.360593461778655,98.125
1994,0.366923577645868,98.125
1994,0.37491781129141,98.125
1994,0.389271951734845,98.125
1994,0.404129894989693,98.125
1994,0.416054671974083,98.125
1994,0.429347091082822,98.125
1994,0.44173248586535,98.125
1994,0.452874624995779,98.125
1994,0.464648370020704,98.125
1994,0.474012923570148,98.125
1994,0.476903031709438,98.125
1994,0.48003672104608,98.125
1994,0.483186470558397,98.125
1994,0.48492930210864,98.125
1994,0.488967330005491,98.125
1994,0.497470290067877,98.125
1994,0.504362457449753,98.125
1994,0.510858329939381,98.125
1994,0.516496618745089,98.125
1994,0.520093506116569,98.125
1994,0.524054576244065,98.125
1994,0.528211040706226,98.125
1994,0.533969161472042,98.125
1994,0.539657411349782,98.125
1994,0.545585214694621,98.125
1994,0.553018613684732,98.125
1994,0.560582645518182,98.125
1994,0.56903313713506,98.125
1994,0.581110088362638,98.125
1994,0.59824394050838,98.125
1994,0.619971502021736,98.125
1994,0.643804081825147,98.125
1994,0.668729017772204,98.125
1994,0.69645825828677,98.125
1994,0.724288775162643,98.125
1994,0.750416740018648,98.125
1994,0.770891992108204,98.125
1994,0.787824538362185,98.125
1994,0.802460195089693,98.125
1994,0.814925605740762,98.125
1994,0.82710030785425,98.125
1994,0.840896814760947,98.125
1994,0.858627523146152,98.125
1994,0.874364151841525,98.125
1994,0.893933147919279,98.125
1994,0.918899275614284,98.125
1994,0.949748555655242,98.125
1994,0.98095094711107,98.125
1994,0.994330911359425,98.125
1994,0.989331864012754,98.125
1994,0.977697056633366,98.125
1994,0.960730425147948,98.125
1994,0.942160803613651,98.125
1994,0.923639287331415,98.125
1994,0.909213002327826,98.125
1994,0.904708330986249,98.125
1994,0.916240434056768,98.125
1994,0.941526766025673,98.125
1994,0.965997335481896,98.125
1994,0.983233884075838,98.125
1995,0.119120996543564,179.571428571429
1995,0.121407570513391,179.571428571429
1995,0.120448532397469,179.571428571429
1995,0.120088129441574,179.571428571429
1995,0.120501919130379,179.571428571429
1995,0.123272886975012,179.571428571429
1995,0.127658417130025,179.571428571429
1995,0.133501441363131,179.571428571429
1995,0.143234927616209,179.571428571429
1995,0.153876764450759,179.571428571429
1995,0.161245199656051,179.571428571429
1995,0.166977002230807,179.571428571429
1995,0.169716522529571,179.571428571429
1995,0.169125023374047,179.571428571429
1995,0.168394476165473,179.571428571429
1995,0.167244759996655,179.571428571429
1995,0.163899455868271,179.571428571429
1995,0.15636582056588,179.571428571429
1995,0.150446469276027,179.571428571429
1995,0.151455995078888,179.571428571429
1995,0.156383287390465,179.571428571429
1995,0.163795061165604,179.571428571429
1995,0.174555011720259,179.571428571429
1995,0.185383947889914,179.571428571429
1995,0.191041420600149,179.571428571429
1995,0.192454823395606,179.571428571429
1995,0.198126783924255,179.571428571429
1995,0.207034629542996,179.571428571429
1995,0.218207136654934,179.571428571429
1995,0.225317903356308,179.571428571429
1995,0.225853026119817,179.571428571429
1995,0.22236498291283,179.571428571429
1995,0.219119777524638,179.571428571429
1995,0.216671240036531,179.571428571429
1995,0.215516667061322,179.571428571429
1995,0.217408650791226,179.571428571429
1995,0.225572816325306,179.571428571429
1995,0.237838923847955,179.571428571429
1995,0.255910475678149,179.571428571429
1995,0.272914517711469,179.571428571429
1995,0.291698291070323,179.571428571429
1995,0.30496105503843,179.571428571429
1995,0.316084608727643,179.571428571429
1995,0.324537744261206,179.571428571429
1995,0.331089119974932,179.571428571429
1995,0.337351157410608,179.571428571429
1995,0.344050457181917,179.571428571429
1995,0.352024442925084,179.571428571429
1995,0.363014234173183,179.571428571429
1995,0.377207827404058,179.571428571429
1995,0.386119659546236,179.571428571429
1995,0.401012500493518,179.571428571429
1995,0.415586025162122,179.571428571429
1995,0.427354516872111,179.571428571429
1995,0.437233942504958,179.571428571429
1995,0.450907644952761,179.571428571429
1995,0.464905605945598,179.571428571429
1995,0.475913745844883,179.571428571429
1995,0.483640388273507,179.571428571429
1995,0.486452862335152,179.571428571429
1995,0.484616497188507,179.571428571429
1995,0.481065466950073,179.571428571429
1995,0.478442930508883,179.571428571429
1995,0.477818159123468,179.571428571429
1995,0.481402399370785,179.571428571429
1995,0.489454456760329,179.571428571429
1995,0.50003346519801,179.571428571429
1995,0.508256534864966,179.571428571429
1995,0.517408521071191,179.571428571429
1995,0.524726676712259,179.571428571429
1995,0.52984911913441,179.571428571429
1995,0.533556595214884,179.571428571429
1995,0.5392348243777,179.571428571429
1995,0.549327379703784,179.571428571429
1995,0.563569149085691,179.571428571429
1995,0.580484010404826,179.571428571429
1995,0.599132248455063,179.571428571429
1995,0.618749715921541,179.571428571429
1995,0.638730693405886,179.571428571429
1995,0.657109476381684,179.571428571429
1995,0.67363833613424,179.571428571429
1995,0.685374693662955,179.571428571429
1995,0.691215196412303,179.571428571429
1995,0.690202248608642,179.571428571429
1995,0.682536545496693,179.571428571429
1995,0.672507953974474,179.571428571429
1995,0.665077243351634,179.571428571429
1995,0.655381967551708,179.571428571429
1995,0.642918644884889,179.571428571429
1995,0.629421516823365,179.571428571429
1995,0.617336093273012,179.571428571429
1995,0.610107806008188,179.571428571429
1995,0.613520204188635,179.571428571429
1995,0.626494797125557,179.571428571429
1995,0.648302033866924,179.571428571429
1995,0.676970429150237,179.571428571429
1995,0.710658763119821,179.571428571429
1995,0.751663768653061,179.571428571429
1995,0.802162705678585,179.571428571429
1995,0.835986522317765,179.571428571429
1996,0.0960788595732147,201.5
1996,0.0989226244369261,201.5
1996,0.100072484187384,201.5
1996,0.0996089271692338,201.5
1996,0.0972455606710211,201.5
1996,0.0979720280793946,201.5
1996,0.103203432604026,201.5
1996,0.108600986038787,201.5
1996,0.113115862634708,201.5
1996,0.115501035663489,201.5
1996,0.121453471985059,201.5
1996,0.134220798557806,201.5
1996,0.153719175199101,201.5
1996,0.17751532233311,201.5
1996,0.205301186622324,201.5
1996,0.231579001107282,201.5
1996,0.258149566725577,201.5
1996,0.281694778971111,201.5
1996,0.304161942697308,201.5
1996,0.327010248356412,201.5
1996,0.351145568271615,201.5
1996,0.375621956376622,201.5
1996,0.395042618890085,201.5
1996,0.411593689514876,201.5
1996,0.423756046036733,201.5
1996,0.432384811670443,201.5
1996,0.439860432871476,201.5
1996,0.448633247008446,201.5
1996,0.452524201277758,201.5
1996,0.451367795785875,201.5
1996,0.449355320299878,201.5
1996,0.447823708870262,201.5
1996,0.449634801857032,201.5
1996,0.457475470170496,201.5
1996,0.469733603493988,201.5
1996,0.47722863588666,201.5
1996,0.467350692292477,201.5
1996,0.472011830439958,201.5
1996,0.476780726181599,201.5
1996,0.480703304538696,201.5
1996,0.480854054910381,201.5
1996,0.478514199904279,201.5
1996,0.473747191983445,201.5
1996,0.466305027581432,201.5
1996,0.460412143626187,201.5
1996,0.453005280032918,201.5
1996,0.446140701786344,201.5
1996,0.444793624320604,201.5
1996,0.447887539008412,201.5
1996,0.451413537319826,201.5
1996,0.453194610415754,201.5
1996,0.453028154339774,201.5
1996,0.45539996835128,201.5
1996,0.462754572235163,201.5
1996,0.471315511126338,201.5
1996,0.478735125072209,201.5
1996,0.483156937510393,201.5
1996,0.484426703251901,201.5
1996,0.481736691297101,201.5
1996,0.47786856936266,201.5
1996,0.474189744890625,201.5
1996,0.470323535132668,201.5
1996,0.463819778239301,201.5
1996,0.457867937041743,201.5
1996,0.457251041467771,201.5
1996,0.461229752146856,201.5
1996,0.466546781370445,201.5
1996,0.470970559945939,201.5
1996,0.472667474837385,201.5
1996,0.470341623541102,201.5
1996,0.467104618658249,201.5
1996,0.464983666977375,201.5
1996,0.465866303001348,201.5
1996,0.471512368472982,201.5
1996,0.477150639785305,201.5
1996,0.485126675032646,201.5
1996,0.501963557275194,201.5
1996,0.516356910418741,201.5
1996,0.529720787428626,201.5
1996,0.543775787986252,201.5
1996,0.555322401210572,201.5
1996,0.563638117740201,201.5
1996,0.56935433551041,201.5
1996,0.574551940297033,201.5
1996,0.579701572164418,201.5
1996,0.582998751262981,201.5
1996,0.58658357572629,201.5
1996,0.58911606453849,201.5
1996,0.59004110684967,201.5
1996,0.587276618347365,201.5
1996,0.581859771769033,201.5
1996,0.573724771736459,201.5
1996,0.56448816300852,201.5
1996,0.554954067222785,201.5
1996,0.545879021557907,201.5
1996,0.542489969053943,201.5
1996,0.550407146198551,201.5
1996,0.574019045188472,201.5
1996,0.609535961256853,201.5
1996,0.648230289786618,201.5
1997,0.176833926974416,208.25
1997,0.182283564457071,208.25
1997,0.187605931489208,208.25
1997,0.191937834544806,208.25
1997,0.197310190659127,208.25
1997,0.207831787148107,208.25
1997,0.213559034184027,208.25
1997,0.227513189077715,208.25
1997,0.244360660624886,208.25
1997,0.265791182997279,208.25
1997,0.275367808738077,208.25
1997,0.281190530005312,208.25
1997,0.294113868733432,208.25
1997,0.301858624203823,208.25
1997,0.307674883450638,208.25
1997,0.310034130845318,208.25
1997,0.31086432771812,208.25
1997,0.310305133956199,208.25
1997,0.308342040470061,208.25
1997,0.304483227104839,208.25
1997,0.296921187094831,208.25
1997,0.286970234287984,208.25
1997,0.279480710318013,208.25
1997,0.276746120068725,208.25
1997,0.280379024506358,208.25
1997,0.287713220848345,208.25
1997,0.295639697944693,208.25
1997,0.304797182867118,208.25
1997,0.313846348385424,208.25
1997,0.326556193344663,208.25
1997,0.342992867623672,208.25
1997,0.362021909009503,208.25
1997,0.383672544985265,208.25
1997,0.403060243825527,208.25
1997,0.418226109057365,208.25
1997,0.42889885149844,208.25
1997,0.434439136463894,208.25
1997,0.436312830439065,208.25
1997,0.434283123748926,208.25
1997,0.425342513022366,208.25
1997,0.415791211277496,208.25
1997,0.412479124632074,208.25
1997,0.409662615159021,208.25
1997,0.407068785303948,208.25
1997,0.405677296555037,208.25
1997,0.402101325904373,208.25
1997,0.395735078721572,208.25
1997,0.385304611225788,208.25
1997,0.375739311995144,208.25
1997,0.367583543337368,208.25
1997,0.362372028853558,208.25
1997,0.363599988741812,208.25
1997,0.369524125164093,208.25
1997,0.378856531695085,208.25
1997,0.390053366962823,208.25
1997,0.396921806482229,208.25
1997,0.397818231373718,208.25
1997,0.393319881436179,208.25
1997,0.391861063321822,208.25
1997,0.393398566600377,208.25
1997,0.401735291992912,208.25
1997,0.398765647502194,208.25
1997,0.39885645936927,208.25
1997,0.404213539910169,208.25
1997,0.418082592341014,208.25
1997,0.42291928376405,208.25
1997,0.420973172734298,208.25
1997,0.417272496234448,208.25
1997,0.418710992413064,208.25
1997,0.421735444981059,208.25
1997,0.422255393908087,208.25
1997,0.42379744601016,208.25
1997,0.425901461422927,208.25
1997,0.427613315681157,208.25
1997,0.433530285891753,208.25
1997,0.446774497082825,208.25
1997,0.459207733691632,208.25
1997,0.476841323548743,208.25
1997,0.492495502939917,208.25
1997,0.496707344190182,208.25
1997,0.498272796296847,208.25
1997,0.500391767181915,208.25
1997,0.502948182106047,208.25
1997,0.504200412990495,208.25
1997,0.507511658568859,208.25
1997,0.514730236421463,208.25
1997,0.529362990798545,208.25
1997,0.55042306817332,208.25
1997,0.576876190608414,208.25
1997,0.60028670455288,208.25
1997,0.618331659971879,208.25
1997,0.627130105581965,208.25
1997,0.632701186365074,208.25
1997,0.647608096220119,208.25
1997,0.673361629368091,208.25
1997,0.717201430091579,208.25
1997,0.781249248736659,208.25
1997,0.849516999164127,208.25
1997,0.91365315569798,208.25
1997,0.958025223628407,208.25
1998,0.253077662043043,140.25
1998,0.260011712847737,140.25
1998,0.267269410494703,140.25
1998,0.273728635156555,140.25
1998,0.278411366394772,140.25
1998,0.279481604282883,140.25
1998,0.280223958405535,140.25
1998,0.281473568398221,140.25
1998,0.282445068068371,140.25
1998,0.283460480768461,140.25
1998,0.284301104799129,140.25
1998,0.282965264450257,140.25
1998,0.280375342905753,140.25
1998,0.278449434236521,140.25
1998,0.277445303509531,140.25
1998,0.278666974013745,140.25
1998,0.282505113699597,140.25
1998,0.287719131642466,140.25
1998,0.294291004624095,140.25
1998,0.303237260017707,140.25
1998,0.314795612276241,140.25
1998,0.330080889162209,140.25
1998,0.345936945827862,140.25
1998,0.355188525716038,140.25
1998,0.362291640218403,140.25
1998,0.370772625081883,140.25
1998,0.377759472959163,140.25
1998,0.381737690912244,140.25
1998,0.380559436799511,140.25
1998,0.375940913789228,140.25
1998,0.369913507687346,140.25
1998,0.36614573206503,140.25
1998,0.364221582215541,140.25
1998,0.365541698387763,140.25
1998,0.368405189944798,140.25
1998,0.371327609054373,140.25
1998,0.370868955879651,140.25
1998,0.372353382698523,140.25
1998,0.376027943641893,140.25
1998,0.380151692767885,140.25
1998,0.383942110871063,140.25
1998,0.387690919035635,140.25
1998,0.395314346363246,140.25
1998,0.407752869537397,140.25
1998,0.42232841837594,140.25
1998,0.436239180791105,140.25
1998,0.451537356756978,140.25
1998,0.469799455556449,140.25
1998,0.48478254678469,140.25
1998,0.496482756502553,140.25
1998,0.506178001257171,140.25
1998,0.514275482210834,140.25
1998,0.518471200350502,140.25
1998,0.520589244288523,140.25
1998,0.519290014346968,140.25
1998,0.515252093165735,140.25
1998,0.510417764435334,140.25
1998,0.506988926550689,140.25
1998,0.504722140169,140.25
1998,0.501405958042435,140.25
1998,0.496809520038117,140.25
1998,0.495288710059102,140.25
1998,0.498723784785788,140.25
1998,0.510186514882069,140.25
1998,0.524060818147083,140.25
1998,0.530287873314036,140.25
1998,0.532001667039612,140.25
1998,0.532462856506901,140.25
1998,0.53750001088023,140.25
1998,0.543563832042693,140.25
1998,0.550356593213201,140.25
1998,0.554550690692377,140.25
1998,0.557074042176284,140.25
1998,0.56012513192152,140.25
1998,0.563628872987451,140.25
1998,0.568966476560655,140.25
1998,0.573612590742767,140.25
1998,0.576024376662046,140.25
1998,0.573923966447031,140.25
1998,0.568743975266296,140.25
1998,0.560644859538158,140.25
1998,0.553907635411019,140.25
1998,0.550214514701939,140.25
1998,0.549914550946517,140.25
1998,0.550834222890336,140.25
1998,0.553129761341119,140.25
1998,0.559686060572589,140.25
1998,0.571039203626956,140.25
1998,0.584538712421084,140.25
1998,0.600089375838053,140.25
1998,0.618507290808417,140.25
1998,0.641575015274969,140.25
1998,0.665157443594667,140.25
1998,0.684052159494983,140.25
1998,0.708536294118768,140.25
1998,0.745004975923594,140.25
1998,0.795797798209742,140.25
1998,0.841097991020118,140.25
1998,0.88627542495866,140.25
1998,0.920407785645776,140.25
1999,0.138696843745433,150.25
1999,0.140330559125057,150.25
1999,0.138954941109963,150.25
1999,0.139572257387329,150.25
1999,0.142769228742019,150.25
1999,0.149625692652685,150.25
1999,0.163409658461234,150.25
1999,0.182039579756439,150.25
1999,0.204919996336265,150.25
1999,0.220860921358907,150.25
1999,0.238624535064357,150.25
1999,0.250929076243102,150.25
1999,0.260583530976845,150.25
1999,0.270920391567236,150.25
1999,0.286865808494221,150.25
1999,0.298846137532438,150.25
1999,0.304675309937252,150.25
1999,0.307977444732073,150.25
1999,0.314360530750535,150.25
1999,0.322455327776602,150.25
1999,0.329498386869974,150.25
1999,0.339368807652394,150.25
1999,0.352806717945863,150.25
1999,0.365143299463227,150.25
1999,0.36952075324723,150.25
1999,0.376691396721309,150.25
1999,0.385487207495768,150.25
1999,0.390991572507552,150.25
1999,0.394650208433943,150.25
1999,0.399508981694896,150.25
1999,0.411859885177506,150.25
1999,0.422127228689638,150.25
1999,0.433000605963117,150.25
1999,0.442235207181285,150.25
1999,0.450450996558595,150.25
1999,0.461001039062071,150.25
1999,0.463933931011689,150.25
1999,0.461633211840122,150.25
1999,0.462179057236494,150.25
1999,0.46319604972851,150.25
1999,0.464931415313104,150.25
1999,0.466490217131881,150.25
1999,0.468115540463834,150.25
1999,0.470126396304115,150.25
1999,0.472046205672461,150.25
1999,0.475318650313959,150.25
1999,0.480607923856834,150.25
1999,0.484325885507772,150.25
1999,0.485317817724474,150.25
1999,0.483510975708068,150.25
1999,0.479469198871888,150.25
1999,0.478632179342398,150.25
1999,0.478496845932853,150.25
1999,0.475417249661415,150.25
1999,0.472268760690831,150.25
1999,0.472042388055639,150.25
1999,0.478576488631626,150.25
1999,0.490248498818071,150.25
1999,0.498877102012386,150.25
1999,0.507360397622161,150.25
1999,0.508918216543189,150.25
1999,0.505561414146449,150.25
1999,0.505655043769386,150.25
1999,0.506371388466894,150.25
1999,0.506560227014223,150.25
1999,0.511112116952903,150.25
1999,0.517651024130614,150.25
1999,0.523776100802343,150.25
1999,0.537201297149186,150.25
1999,0.546688575127508,150.25
1999,0.549133875204856,150.25
1999,0.546723120567296,150.25
1999,0.547413387166134,150.25
1999,0.552587984720529,150.25
1999,0.560317583657624,150.25
1999,0.574010317635485,150.25
1999,0.594897172445838,150.25
1999,0.617979762627545,150.25
1999,0.635804323034116,150.25
1999,0.655346700359956,150.25
1999,0.674291198198809,150.25
1999,0.679660324967069,150.25
1999,0.687453935063411,150.25
1999,0.704005509025334,150.25
1999,0.729682979953954,150.25
1999,0.756146916131536,150.25
1999,0.76722180532801,150.25
1999,0.77428784007032,150.25
1999,0.781029320332157,150.25
1999,0.786334144630956,150.25
1999,0.790900496644082,150.25
1999,0.794783867126699,150.25
1999,0.798130859056909,150.25
1999,0.802322981590394,150.25
1999,0.808198279613806,150.25
1999,0.813530660529417,150.25
1999,0.809323932172959,150.25
1999,0.821754620883209,150.25
1999,0.846012912226831,150.25
1999,0.874356885705691,150.25
2000,0.230999052583882,135.375
2000,0.244830243810811,135.375
2000,0.264535914696239,135.375
2000,0.271268810747232,135.375
2000,0.277510583345231,135.375
2000,0.279365240444616,135.375
2000,0.281474048545192,135.375
2000,0.283349239664764,135.375
2000,0.286572548905363,135.375
2000,0.290467959236846,135.375
2000,0.293437815954128,135.375
2000,0.295616581072823,135.375
2000,0.298488102453203,135.375
2000,0.300260385554752,135.375
2000,0.300664906564186,135.375
2000,0.299115220596912,135.375
2000,0.297421955070491,135.375
2000,0.295594714169236,135.375
2000,0.294595354576173,135.375
2000,0.295946717848488,135.375
2000,0.301043506480767,135.375
2000,0.308310703027671,135.375
2000,0.315224286338078,135.375
2000,0.319904739601082,135.375
2000,0.321572366724907,135.375
2000,0.320195710104036,135.375
2000,0.319761835907006,135.375
2000,0.322045810963743,135.375
2000,0.328590446791665,135.375
2000,0.335807114424408,135.375
2000,0.338893830317116,135.375
2000,0.349041199301531,135.375
2000,0.369240890220545,135.375
2000,0.385373985721525,135.375
2000,0.39216906736224,135.375
2000,0.394235245756885,135.375
2000,0.396160864624566,135.375
2000,0.398441477707046,135.375
2000,0.401345601061481,135.375
2000,0.411818015522775,135.375
2000,0.426104852938344,135.375
2000,0.446125779939761,135.375
2000,0.468952219490721,135.375
2000,0.478000485065849,135.375
2000,0.482342073074427,135.375
2000,0.488713693986232,135.375
2000,0.498082244931534,135.375
2000,0.502860874416755,135.375
2000,0.517631170680959,135.375
2000,0.525750449061579,135.375
2000,0.533372689707706,135.375
2000,0.539508508694132,135.375
2000,0.545855062946167,135.375
2000,0.555446625957135,135.375
2000,0.560041999566304,135.375
2000,0.564551267671797,135.375
2000,0.565943130958459,135.375
2000,0.569302796990669,135.375
2000,0.574020087026852,135.375
2000,0.581978313120782,135.375
2000,0.593134664930321,135.375
2000,0.606580705943808,135.375
2000,0.61947850625317,135.375
2000,0.634271460240348,135.375
2000,0.648785144653015,135.375
2000,0.658621105548715,135.375
2000,0.660304465624824,135.375
2000,0.65387099503305,135.375
2000,0.641508574196618,135.375
2000,0.61876486546886,135.375
2000,0.602960154462098,135.375
2000,0.602419523486025,135.375
2000,0.594519453476319,135.375
2000,0.58847697327425,135.375
2000,0.58197125919532,135.375
2000,0.577235922896306,135.375
2000,0.574007119468154,135.375
2000,0.573100971776258,135.375
2000,0.576876915335901,135.375
2000,0.586088751099722,135.375
2000,0.593962082539713,135.375
2000,0.599547443412397,135.375
2000,0.604657336863121,135.375
2000,0.612554256222503,135.375
2000,0.620500468747208,135.375
2000,0.626017844808823,135.375
2000,0.6287669070762,135.375
2000,0.630814870220668,135.375
2000,0.635249046769923,135.375
2000,0.64374839824446,135.375
2000,0.657377703628977,135.375
2000,0.676479637230005,135.375
2000,0.69923084775921,135.375
2000,0.72288386702877,135.375
2000,0.747231358004371,135.375
2000,0.773434159839363,135.375
2000,0.807151973367764,135.375
2000,0.849023980092976,135.375
2000,0.889297576154722,135.375
2000,0.923042826321921,135.375
2001,0.230647935792695,109.125
2001,0.239320125849009,109.125
2001,0.247682893957874,109.125
2001,0.255489739699362,109.125
2001,0.259561541748841,109.125
2001,0.259395674897047,109.125
2001,0.260199749684193,109.125
2001,0.263830013250263,109.125
2001,0.268476160437768,109.125
2001,0.274105666182953,109.125
2001,0.277702377069529,109.125
2001,0.28517512403831,109.125
2001,0.293957896791026,109.125
2001,0.305904604422166,109.125
2001,0.312021370495908,109.125
2001,0.310012312199383,109.125
2001,0.306300170612809,109.125
2001,0.301953623358628,109.125
2001,0.296657474109979,109.125
2001,0.292382368388964,109.125
2001,0.289731633966623,109.125
2001,0.290182895782898,109.125
2001,0.291824517296912,109.125
2001,0.293369650411017,109.125
2001,0.297164925182412,109.125
2001,0.3045534948558,109.125
2001,0.313754756786486,109.125
2001,0.323738498977576,109.125
2001,0.333764019130016,109.125
2001,0.341759133615322,109.125
2001,0.346081228961125,109.125
2001,0.350724281632449,109.125
2001,0.360108641161904,109.125
2001,0.369060716542597,109.125
2001,0.373964985630334,109.125
2001,0.381331510845945,109.125
2001,0.388987638881122,109.125
2001,0.399266295428542,109.125
2001,0.412048825524253,109.125
2001,0.417467108467633,109.125
2001,0.424376568763156,109.125
2001,0.43265051176394,109.125
2001,0.43598056575893,109.125
2001,0.444024363615957,109.125
2001,0.454984494898797,109.125
2001,0.461352999007878,109.125
2001,0.465248973817963,109.125
2001,0.470835349275011,109.125
2001,0.475835937628911,109.125
2001,0.481246359939136,109.125
2001,0.487026888766362,109.125
2001,0.491599070320296,109.125
2001,0.494179672926068,109.125
2001,0.493481325579484,109.125
2001,0.490810978315519,109.125
2001,0.4875704854844,109.125
2001,0.488875545087127,109.125
2001,0.492693618312211,109.125
2001,0.497411040546179,109.125
2001,0.499410006219695,109.125
2001,0.50062331909797,109.125
2001,0.502476881341611,109.125
2001,0.502019346289877,109.125
2001,0.501017273783689,109.125
2001,0.503179666191241,109.125
2001,0.507409750342027,109.125
2001,0.515588902269856,109.125
2001,0.527765327375683,109.125
2001,0.533950894124596,109.125
2001,0.539824348402465,109.125
2001,0.552776094471961,109.125
2001,0.563201327084296,109.125
2001,0.57121242275191,109.125
2001,0.577460859381153,109.125
2001,0.582447634363736,109.125
2001,0.58757778410532,109.125
2001,0.593207879205526,109.125
2001,0.599365784847349,109.125
2001,0.605716632873023,109.125
2001,0.618810727043235,109.125
2001,0.640433758525764,109.125
2001,0.656495840463159,109.125
2001,0.673726697587404,109.125
2001,0.692371537394148,109.125
2001,0.704565378142641,109.125
2001,0.707733450949611,109.125
2001,0.709745752961094,109.125
2001,0.708660534679363,109.125
2001,0.705497980808364,109.125
2001,0.704794994585506,109.125
2001,0.710314463530291,109.125
2001,0.720938660145111,109.125
2001,0.736341241676517,109.125
2001,0.756032520035105,109.125
2001,0.782061155499428,109.125
2001,0.80896203613676,109.125
2001,0.837693258174202,109.125
2001,0.864298141103458,109.125
2001,0.884672178680912,109.125
2001,0.892477137695521,109.125
2002,0.207715953661331,119.125
2002,0.210008864502706,119.125
2002,0.209934477994197,119.125
2002,0.210317083993015,119.125
2002,0.212462013043501,119.125
2002,0.21201714332848,119.125
2002,0.210660496413806,119.125
2002,0.212455427501155,119.125
2002,0.216368569374759,119.125
2002,0.225426517999575,119.125
2002,0.233319268940032,119.125
2002,0.23445173064768,119.125
2002,0.240328161816684,119.125
2002,0.247708984398207,119.125
2002,0.252437093646149,119.125
2002,0.258810701240063,119.125
2002,0.266050844685487,119.125
2002,0.270626169747774,119.125
2002,0.274367810175003,119.125
2002,0.285049267471032,119.125
2002,0.312448111060017,119.125
2002,0.333898567210354,119.125
2002,0.356612137776997,119.125
2002,0.365791490011599,119.125
2002,0.371209456896255,119.125
2002,0.372659842963106,119.125
2002,0.37628143755825,119.125
2002,0.386336194899716,119.125
2002,0.401878098924141,119.125
2002,0.415584432576087,119.125
2002,0.425552250088867,119.125
2002,0.430138407253183,119.125
2002,0.433575553042264,119.125
2002,0.442150808822611,119.125
2002,0.451559057234596,119.125
2002,0.455153886317738,119.125
2002,0.459239280474747,119.125
2002,0.465205340571986,119.125
2002,0.475883326781951,119.125
2002,0.486529522025181,119.125
2002,0.493978905694237,119.125
2002,0.497958683326062,119.125
2002,0.503742099098656,119.125
2002,0.509573365875605,119.125
2002,0.519816270540896,119.125
2002,0.533674726381882,119.125
2002,0.550716006598966,119.125
2002,0.570279009541021,119.125
2002,0.586374861435885,119.125
2002,0.594970142487628,119.125
2002,0.59470188080269,119.125
2002,0.589934888235359,119.125
2002,0.58459949888524,119.125
2002,0.579435900317427,119.125
2002,0.577142384591961,119.125
2002,0.579091768854074,119.125
2002,0.583173172452438,119.125
2002,0.586991402607178,119.125
2002,0.590689739779533,119.125
2002,0.588825594797169,119.125
2002,0.584216452248601,119.125
2002,0.578649376425799,119.125
2002,0.571901525355293,119.125
2002,0.56366160300363,119.125
2002,0.559759046550105,119.125
2002,0.557147559116882,119.125
2002,0.556728910433586,119.125
2002,0.559657374023434,119.125
2002,0.563226610420705,119.125
2002,0.568165016379793,119.125
2002,0.571697747647015,119.125
2002,0.573852845412447,119.125
2002,0.586058194776511,119.125
2002,0.594458103661639,119.125
2002,0.606772031977001,119.125
2002,0.612422227390804,119.125
2002,0.615261445131998,119.125
2002,0.617009904449331,119.125
2002,0.618734883786197,119.125
2002,0.621597427005043,119.125
2002,0.624561241397809,119.125
2002,0.628289495412534,119.125
2002,0.634351717869104,119.125
2002,0.646338610433915,119.125
2002,0.666313295952832,119.125
2002,0.679221580547618,119.125
2002,0.694588878186172,119.125
2002,0.706230226808763,119.125
2002,0.714243392764211,119.125
2002,0.720718360314758,119.125
2002,0.727357125619259,119.125
2002,0.734869140641195,119.125
2002,0.744956315580385,119.125
2002,0.755712055017636,119.125
2002,0.767772033433572,119.125
2002,0.779207438101144,119.125
2002,0.790728863752354,119.125
2002,0.798765044192173,119.125
2002,0.815292147141688,119.125
2002,0.840816632522183,119.125
2003,0.244935035730593,47.8571428571429
2003,0.245511448198641,47.8571428571429
2003,0.245985745191463,47.8571428571429
2003,0.245935863133871,47.8571428571429
2003,0.2456557353048,47.8571428571429
2003,0.245032599679926,47.8571428571429
2003,0.244027925280025,47.8571428571429
2003,0.24418274834915,47.8571428571429
2003,0.245450620637506,47.8571428571429
2003,0.24533954466559,47.8571428571429
2003,0.245009707900995,47.8571428571429
2003,0.243921859424047,47.8571428571429
2003,0.242904551750043,47.8571428571429
2003,0.241523075457228,47.8571428571429
2003,0.238943717741497,47.8571428571429
2003,0.23569389569758,47.8571428571429
2003,0.23493498899609,47.8571428571429
2003,0.235835551361819,47.8571428571429
2003,0.236970370884894,47.8571428571429
2003,0.238865019870496,47.8571428571429
2003,0.241773486461026,47.8571428571429
2003,0.242890455479221,47.8571428571429
2003,0.240851871170919,47.8571428571429
2003,0.23823356076805,47.8571428571429
2003,0.236131897999328,47.8571428571429
2003,0.23770055521704,47.8571428571429
2003,0.241728794067625,47.8571428571429
2003,0.244825238241475,47.8571428571429
2003,0.248380375328564,47.8571428571429
2003,0.251968409458687,47.8571428571429
2003,0.255124435851825,47.8571428571429
2003,0.257803739777665,47.8571428571429
2003,0.259060113374248,47.8571428571429
2003,0.26044091680629,47.8571428571429
2003,0.262760815910919,47.8571428571429
2003,0.264362215419922,47.8571428571429
2003,0.26658992536221,47.8571428571429
2003,0.269055423131635,47.8571428571429
2003,0.275521548935059,47.8571428571429
2003,0.279702643564944,47.8571428571429
2003,0.282305463437784,47.8571428571429
2003,0.283681860569261,47.8571428571429
2003,0.285455687343298,47.8571428571429
2003,0.288818867562409,47.8571428571429
2003,0.291388670798707,47.8571428571429
2003,0.293334474993586,47.8571428571429
2003,0.297110925836979,47.8571428571429
2003,0.301227048489411,47.8571428571429
2003,0.30370389529059,47.8571428571429
2003,0.305724875540397,47.8571428571429
2003,0.306953551852067,47.8571428571429
2003,0.307888185289905,47.8571428571429
2003,0.309240168684072,47.8571428571429
2003,0.312317119902929,47.8571428571429
2003,0.315748754242384,47.8571428571429
2003,0.318334501542054,47.8571428571429
2003,0.32234391953636,47.8571428571429
2003,0.325711595398018,47.8571428571429
2003,0.330334980627806,47.8571428571429
2003,0.337457145112996,47.8571428571429
2003,0.345419109142534,47.8571428571429
2003,0.346915674792596,47.8571428571429
2003,0.346782507817467,47.8571428571429
2003,0.349070007915929,47.8571428571429
2003,0.352486842978241,47.8571428571429
2003,0.356362916809797,47.8571428571429
2003,0.359646144787869,47.8571428571429
2003,0.364559094806984,47.8571428571429
2003,0.371828884365111,47.8571428571429
2003,0.379439798465526,47.8571428571429
2003,0.387185041831188,47.8571428571429
2003,0.393193804539687,47.8571428571429
2003,0.398966334029516,47.8571428571429
2003,0.405746222851194,47.8571428571429
2003,0.413184203114971,47.8571428571429
2003,0.423913386145367,47.8571428571429
2003,0.434451125244519,47.8571428571429
2003,0.446493911355185,47.8571428571429
2003,0.460595440868361,47.8571428571429
2003,0.475365337814482,47.8571428571429
2003,0.487097139710931,47.8571428571429
2003,0.503159125384721,47.8571428571429
2003,0.517496825999124,47.8571428571429
2003,0.52961380144854,47.8571428571429
2003,0.539543567186468,47.8571428571429
2003,0.546497969666966,47.8571428571429
2003,0.553252333847107,47.8571428571429
2003,0.559911181141812,47.8571428571429
2003,0.567232569541341,47.8571428571429
2003,0.570900231329748,47.8571428571429
2003,0.575306748613471,47.8571428571429
2003,0.58012505517203,47.8571428571429
2003,0.580484636312986,47.8571428571429
2003,0.580140541371368,47.8571428571429
2003,0.58334434410708,47.8571428571429
2003,0.581017741684023,47.8571428571429
2003,0.576550530185092,47.8571428571429
2003,0.576890777678748,47.8571428571429
2003,0.58056640771519,47.8571428571429
2003,0.585175901779569,47.8571428571429
2004,0.362556594458841,71.3333333333333
2004,0.366145031479011,71.3333333333333
2004,0.367137479027899,71.3333333333333
2004,0.37023783560934,71.3333333333333
2004,0.375315243245431,71.3333333333333
2004,0.377837324384197,71.3333333333333
2004,0.380988396439271,71.3333333333333
2004,0.381966764627631,71.3333333333333
2004,0.384082511557441,71.3333333333333
2004,0.389574348521452,71.3333333333333
2004,0.399751527985193,71.3333333333333
2004,0.414191974943366,71.3333333333333
2004,0.426521996148798,71.3333333333333
2004,0.435213373459417,71.3333333333333
2004,0.441774276197235,71.3333333333333
2004,0.4493495914112,71.3333333333333
2004,0.461174903038612,71.3333333333333
2004,0.47549318265413,71.3333333333333
2004,0.486400848555457,71.3333333333333
2004,0.494882736865736,71.3333333333333
2004,0.497095428140674,71.3333333333333
2004,0.497398824628088,71.3333333333333
2004,0.502295048688108,71.3333333333333
2004,0.509306441615504,71.3333333333333
2004,0.51167400070735,71.3333333333333
2004,0.513366671340941,71.3333333333333
2004,0.516668406726924,71.3333333333333
2004,0.518465206115352,71.3333333333333
2004,0.518829901209496,71.3333333333333
2004,0.520167258979799,71.3333333333333
2004,0.522837138132747,71.3333333333333
2004,0.52935343804791,71.3333333333333
2004,0.538817039746715,71.3333333333333
2004,0.545589128412748,71.3333333333333
2004,0.549111318245038,71.3333333333333
2004,0.551406031790727,71.3333333333333
2004,0.554851933265393,71.3333333333333
2004,0.558430095852057,71.3333333333333
2004,0.56266808335413,71.3333333333333
2004,0.568045366315239,71.3333333333333
2004,0.573143156822336,71.3333333333333
2004,0.576583382466879,71.3333333333333
2004,0.576047253760421,71.3333333333333
2004,0.573689611905218,71.3333333333333
2004,0.57078931905719,71.3333333333333
2004,0.56996408312405,71.3333333333333
2004,0.570523179058903,71.3333333333333
2004,0.571638721740319,71.3333333333333
2004,0.574772201226098,71.3333333333333
2004,0.577408630331081,71.3333333333333
2004,0.57123052061306,71.3333333333333
2004,0.566444803945732,71.3333333333333
2004,0.570049150262821,71.3333333333333
2004,0.581982335872635,71.3333333333333
2004,0.598171691432402,71.3333333333333
2004,0.605906699548316,71.3333333333333
2004,0.61467747683837,71.3333333333333
2004,0.621356416580223,71.3333333333333
2004,0.623803499536412,71.3333333333333
2004,0.623369973251721,71.3333333333333
2004,0.623682364116822,71.3333333333333
2004,0.62620575623882,71.3333333333333
2004,0.630765124051722,71.3333333333333
2004,0.63935791034414,71.3333333333333
2004,0.646158118268793,71.3333333333333
2004,0.649532449039791,71.3333333333333
2004,0.646784574005846,71.3333333333333
2004,0.642677181883681,71.3333333333333
2004,0.640998995416731,71.3333333333333
2004,0.645777869268863,71.3333333333333
2004,0.652016973802385,71.3333333333333
2004,0.658646289596643,71.3333333333333
2004,0.66333940935616,71.3333333333333
2004,0.665305611788941,71.3333333333333
2004,0.665526478354274,71.3333333333333
2004,0.663603651046924,71.3333333333333
2004,0.657702031538309,71.3333333333333
2004,0.651429473633093,71.3333333333333
2004,0.647846486033598,71.3333333333333
2004,0.647985841349476,71.3333333333333
2004,0.647558524690915,71.3333333333333
2004,0.647073284307984,71.3333333333333
2004,0.649612222616888,71.3333333333333
2004,0.657546570455362,71.3333333333333
2004,0.667163791216576,71.3333333333333
2004,0.677824243196488,71.3333333333333
2004,0.692491006577782,71.3333333333333
2004,0.707283073671591,71.3333333333333
2004,0.720606120867679,71.3333333333333
2004,0.734121411314756,71.3333333333333
2004,0.74744975044453,71.3333333333333
2004,0.761845114161058,71.3333333333333
2004,0.777489927282713,71.3333333333333
2004,0.793024662295829,71.3333333333333
2004,0.806116864067944,71.3333333333333
2004,0.817080342854746,71.3333333333333
2004,0.825551281485887,71.3333333333333
2004,0.833709727319868,71.3333333333333
2004,0.839675032813169,71.3333333333333
2004,0.844396500799709,71.3333333333333
