year,relXinRing,GD
1982,NA,NA
1983,NA,NA
1984,0,0.270866970852778
1984,0.0101010101010101,0.269144030544382
1984,0.0202020202020202,0.268657604759913
1984,0.0303030303030303,0.270115524429609
1984,0.0404040404040404,0.274097215591723
1984,0.0505050505050505,0.281582853007314
1984,0.0606060606060606,0.295317576814048
1984,0.0707070707070707,0.310838644781108
1984,0.0808080808080808,0.322819380426036
1984,0.0909090909090909,0.337118483796523
1984,0.101010101010101,0.352123309974174
1984,0.111111111111111,0.362581760017605
1984,0.121212121212121,0.367859903938526
1984,0.131313131313131,0.371765340947662
1984,0.141414141414141,0.378047469058338
1984,0.151515151515152,0.387939943094596
1984,0.161616161616162,0.398479833151113
1984,0.171717171717172,0.405128757360607
1984,0.181818181818182,0.41516950080626
1984,0.191919191919192,0.425737766156436
1984,0.202020202020202,0.435763574534302
1984,0.212121212121212,0.443790922247675
1984,0.222222222222222,0.446766348759952
1984,0.232323232323232,0.445788103250826
1984,0.242424242424242,0.446538168634706
1984,0.252525252525253,0.446692551076996
1984,0.262626262626263,0.448953077944292
1984,0.272727272727273,0.452089860608819
1984,0.282828282828283,0.455928176002825
1984,0.292929292929293,0.461042944741742
1984,0.303030303030303,0.465078816534963
1984,0.313131313131313,0.466274472622017
1984,0.323232323232323,0.462794946583377
1984,0.333333333333333,0.458911956497587
1984,0.343434343434343,0.454245591492926
1984,0.353535353535354,0.450650190928332
1984,0.363636363636364,0.447101276760327
1984,0.373737373737374,0.443394908719604
1984,0.383838383838384,0.441215697943149
1984,0.393939393939394,0.442828676684645
1984,0.404040404040404,0.448457620134425
1984,0.414141414141414,0.457444065877387
1984,0.424242424242424,0.46904682689603
1984,0.434343434343434,0.480785884866671
1984,0.444444444444444,0.491510434397375
1984,0.454545454545455,0.499306889565309
1984,0.464646464646465,0.504525524338676
1984,0.474747474747475,0.505977770516091
1984,0.484848484848485,0.505312664367165
1984,0.494949494949495,0.503670017393663
1984,0.505050505050505,0.502895338885134
1984,0.515151515151515,0.503167116203532
1984,0.525252525252525,0.505171714797652
1984,0.535353535353535,0.511335257997003
1984,0.545454545454545,0.521444338222592
1984,0.555555555555556,0.533800254761543
1984,0.565656565656566,0.546250037796328
1984,0.575757575757576,0.554938234018327
1984,0.585858585858586,0.560351091128258
1984,0.595959595959596,0.56265642274434
1984,0.606060606060606,0.564996186434118
1984,0.616161616161616,0.566656650963245
1984,0.626262626262626,0.569102321124785
1984,0.636363636363636,0.57195947506287
1984,0.646464646464647,0.576984547490238
1984,0.656565656565657,0.584359517713806
1984,0.666666666666667,0.593694328320804
1984,0.676767676767677,0.601504022733785
1984,0.686868686868687,0.606372112758439
1984,0.696969696969697,0.609167606892917
1984,0.707070707070707,0.610594623534634
1984,0.717171717171717,0.611998409874119
1984,0.727272727272727,0.612804988339043
1984,0.737373737373737,0.611987867436654
1984,0.747474747474748,0.609576293418584
1984,0.757575757575758,0.606610797713974
1984,0.767676767676768,0.602929468123932
1984,0.777777777777778,0.601192329441509
1984,0.787878787878788,0.602862506834967
1984,0.797979797979798,0.609607196514245
1984,0.808080808080808,0.619933562788683
1984,0.818181818181818,0.632743721969727
1984,0.828282828282828,0.648002220999151
1984,0.838383838383838,0.665560782468987
1984,0.848484848484849,0.68599848028637
1984,0.858585858585859,0.706763681660482
1984,0.868686868686869,0.723170758494975
1984,0.878787878787879,0.733189726566643
1984,0.888888888888889,0.7364278596078
1984,0.898989898989899,0.735195387900726
1984,0.909090909090909,0.730979735832394
1984,0.919191919191919,0.72623301997605
1984,0.929292929292929,0.723430990514069
1984,0.939393939393939,0.730586610335534
1984,0.94949494949495,0.750498221521243
1984,0.95959595959596,0.783196959290819
1984,0.96969696969697,0.822987304615781
1984,0.97979797979798,0.845977010015079
1984,0.98989898989899,0.896000623465314
1984,1,1.00717813627193
1985,0,0.258044217606622
1985,0.0101010101010101,0.262012250032483
1985,0.0202020202020202,0.26539376294582
1985,0.0303030303030303,0.267835253263345
1985,0.0404040404040404,0.269397372123495
1985,0.0505050505050505,0.270140076242342
1985,0.0606060606060606,0.269325637739995
1985,0.0707070707070707,0.269680571972624
1985,0.0808080808080808,0.269366497305837
1985,0.0909090909090909,0.270205570405111
1985,0.101010101010101,0.273041314312467
1985,0.111111111111111,0.279664312941158
1985,0.121212121212121,0.29006958002164
1985,0.131313131313131,0.303057725794461
1985,0.141414141414141,0.319323011995149
1985,0.151515151515152,0.337415677570844
1985,0.161616161616162,0.356966624257538
1985,0.171717171717172,0.376522033594784
1985,0.181818181818182,0.393098508470982
1985,0.191919191919192,0.40596535553532
1985,0.202020202020202,0.415590239452789
1985,0.212121212121212,0.422332531124924
1985,0.222222222222222,0.425898627895007
1985,0.232323232323232,0.428479002456747
1985,0.242424242424242,0.4295197580676
1985,0.252525252525253,0.429137735927284
1985,0.262626262626263,0.427463485361804
1985,0.272727272727273,0.426283099127051
1985,0.282828282828283,0.425886896597959
1985,0.292929292929293,0.426314641879733
1985,0.303030303030303,0.428979253222172
1985,0.313131313131313,0.433533562017424
1985,0.323232323232323,0.439470139228518
1985,0.333333333333333,0.446978523821358
1985,0.343434343434343,0.453428833358453
1985,0.353535353535354,0.456800305625429
1985,0.363636363636364,0.456405590268567
1985,0.373737373737374,0.450846646227594
1985,0.383838383838384,0.442498081081974
1985,0.393939393939394,0.433778268262176
1985,0.404040404040404,0.426356076764749
1985,0.414141414141414,0.421841808638415
1985,0.424242424242424,0.420120773157981
1985,0.434343434343434,0.417447249346867
1985,0.444444444444444,0.414913951324304
1985,0.454545454545455,0.413965708892414
1985,0.464646464646465,0.416130672237538
1985,0.474747474747475,0.421569621609425
1985,0.484848484848485,0.429080308680969
1985,0.494949494949495,0.437404231057504
1985,0.505050505050505,0.444941306635551
1985,0.515151515151515,0.452961474736186
1985,0.525252525252525,0.46088413975932
1985,0.535353535353535,0.46782095199237
1985,0.545454545454545,0.471851398804892
1985,0.555555555555556,0.473749580913939
1985,0.565656565656566,0.474405952668546
1985,0.575757575757576,0.476164346199293
1985,0.585858585858586,0.479819593519945
1985,0.595959595959596,0.485290284104056
1985,0.606060606060606,0.492180939058163
1985,0.616161616161616,0.496160603620061
1985,0.626262626262626,0.499982802602703
1985,0.636363636363636,0.505545842104792
1985,0.646464646464647,0.51718812540711
1985,0.656565656565657,0.527036816545028
1985,0.666666666666667,0.530795157050772
1985,0.676767676767677,0.535630069902791
1985,0.686868686868687,0.538916974958841
1985,0.696969696969697,0.541493623337191
1985,0.707070707070707,0.545497978892735
1985,0.717171717171717,0.548328828591114
1985,0.727272727272727,0.550486424590888
1985,0.737373737373737,0.551613356882414
1985,0.747474747474748,0.55486620181382
1985,0.757575757575758,0.559743403214205
1985,0.767676767676768,0.564784022283871
1985,0.777777777777778,0.570779186578195
1985,0.787878787878788,0.578855621791046
1985,0.797979797979798,0.589470604922518
1985,0.808080808080808,0.604650128116231
1985,0.818181818181818,0.62429888970537
1985,0.828282828282828,0.649213092619585
1985,0.838383838383838,0.668811974705874
1985,0.848484848484849,0.679754936052898
1985,0.858585858585859,0.692660441991642
1985,0.868686868686869,0.706103794804515
1985,0.878787878787879,0.722292926653742
1985,0.888888888888889,0.737182344459286
1985,0.898989898989899,0.753754059593936
1985,0.909090909090909,0.769478230486096
1985,0.919191919191919,0.782549376202589
1985,0.929292929292929,0.791125912332869
1985,0.939393939393939,0.801170662305712
1985,0.94949494949495,0.821837003439221
1985,0.95959595959596,0.855966516930985
1985,0.96969696969697,0.905861021709624
1985,0.97979797979798,0.973928409172317
1985,0.98989898989899,1.06033627179318
1985,1,1.14979520602206
1986,0,0.235773585833921
1986,0.0101010101010101,0.225670295858401
1986,0.0202020202020202,0.224742268931733
1986,0.0303030303030303,0.23538167563974
1986,0.0404040404040404,0.27389511537867
1986,0.0505050505050505,0.310971515598214
1986,0.0606060606060606,0.319266158770919
1986,0.0707070707070707,0.325242847081457
1986,0.0808080808080808,0.329881310855743
1986,0.0909090909090909,0.334148100882803
1986,0.101010101010101,0.341290663390703
1986,0.111111111111111,0.345267124668322
1986,0.121212121212121,0.346084370706169
1986,0.131313131313131,0.34515112932611
1986,0.141414141414141,0.343684703755085
1986,0.151515151515152,0.344879683936926
1986,0.161616161616162,0.345753966378098
1986,0.171717171717172,0.344997881691832
1986,0.181818181818182,0.338161121200507
1986,0.191919191919192,0.328986587193292
1986,0.202020202020202,0.323508273902486
1986,0.212121212121212,0.325223809470518
1986,0.222222222222222,0.332683560944121
1986,0.232323232323232,0.34420186394621
1986,0.242424242424242,0.348651653844159
1986,0.252525252525253,0.345464538393609
1986,0.262626262626263,0.348369842707387
1986,0.272727272727273,0.351395446585809
1986,0.282828282828283,0.357250023792219
1986,0.292929292929293,0.366319670091698
1986,0.303030303030303,0.372808326836437
1986,0.313131313131313,0.377258789303735
1986,0.323232323232323,0.380879444813907
1986,0.333333333333333,0.38317887161746
1986,0.343434343434343,0.386150162742757
1986,0.353535353535354,0.39190278091715
1986,0.363636363636364,0.409801939158602
1986,0.373737373737374,0.437688441346663
1986,0.383838383838384,0.466468697296276
1986,0.393939393939394,0.473455165977966
1986,0.404040404040404,0.480111405740061
1986,0.414141414141414,0.488832790882189
1986,0.424242424242424,0.493238460938339
1986,0.434343434343434,0.500429029916372
1986,0.444444444444444,0.511009592693514
1986,0.454545454545455,0.518385779524417
1986,0.464646464646465,0.524798999706631
1986,0.474747474747475,0.527641290036644
1986,0.484848484848485,0.527649838522951
1986,0.494949494949495,0.529034649251905
1986,0.505050505050505,0.531727134516634
1986,0.515151515151515,0.533393995240501
1986,0.525252525252525,0.531387121411515
1986,0.535353535353535,0.527856275718644
1986,0.545454545454545,0.524791278022875
1986,0.555555555555556,0.528453275503988
1986,0.565656565656566,0.53533706938148
1986,0.575757575757576,0.540062436550775
1986,0.585858585858586,0.542944606819242
1986,0.595959595959596,0.544825541874855
1986,0.606060606060606,0.547891884388646
1986,0.616161616161616,0.55394808179665
1986,0.626262626262626,0.559671294043827
1986,0.636363636363636,0.563895949399067
1986,0.646464646464647,0.568272602769395
1986,0.656565656565657,0.571814974933035
1986,0.666666666666667,0.572714844921338
1986,0.676767676767677,0.571828031280291
1986,0.686868686868687,0.572498595195926
1986,0.696969696969697,0.576273603317605
1986,0.707070707070707,0.582847321342891
1986,0.717171717171717,0.592126460282711
1986,0.727272727272727,0.60867329577886
1986,0.737373737373737,0.614324193156992
1986,0.747474747474748,0.621856113332565
1986,0.757575757575758,0.626349144819597
1986,0.767676767676768,0.631302912614887
1986,0.777777777777778,0.636456143233569
1986,0.787878787878788,0.636188030479069
1986,0.797979797979798,0.635729053555814
1986,0.808080808080808,0.637905273956144
1986,0.818181818181818,0.639824445415169
1986,0.828282828282828,0.642567618410976
1986,0.838383838383838,0.645946886821325
1986,0.848484848484849,0.648249270368795
1986,0.858585858585859,0.653489811615753
1986,0.868686868686869,0.659519197078591
1986,0.878787878787879,0.659858390713046
1986,0.888888888888889,0.662705467132826
1986,0.898989898989899,0.667804471169422
1986,0.909090909090909,0.67581766809456
1986,0.919191919191919,0.686412886724607
1986,0.929292929292929,0.702250279134176
1986,0.939393939393939,0.726137364248861
1986,0.94949494949495,0.757882938007822
1986,0.95959595959596,0.790563094072214
1986,0.96969696969697,0.832165745785491
1986,0.97979797979798,0.903553634432696
1986,0.98989898989899,1.00927873206292
1986,1,1.13355835102066
1987,0,0.234366791564156
1987,0.0101010101010101,0.227031335235409
1987,0.0202020202020202,0.221825571261583
1987,0.0303030303030303,0.221786870130098
1987,0.0404040404040404,0.227930869885371
1987,0.0505050505050505,0.242467036094933
1987,0.0606060606060606,0.269719410580064
1987,0.0707070707070707,0.292235484284634
1987,0.0808080808080808,0.305937543150989
1987,0.0909090909090909,0.314716103308055
1987,0.101010101010101,0.321591401334369
1987,0.111111111111111,0.322016895224355
1987,0.121212121212121,0.31669419751637
1987,0.131313131313131,0.307189716644116
1987,0.141414141414141,0.302940688883387
1987,0.151515151515152,0.289806024709443
1987,0.161616161616162,0.281903647613696
1987,0.171717171717172,0.277252941434457
1987,0.181818181818182,0.276775701921551
1987,0.191919191919192,0.27554270632916
1987,0.202020202020202,0.273192974495449
1987,0.212121212121212,0.271003805206033
1987,0.222222222222222,0.268666472644528
1987,0.232323232323232,0.266465913385623
1987,0.242424242424242,0.265684290801997
1987,0.252525252525253,0.270410989578547
1987,0.262626262626263,0.288054534031196
1987,0.272727272727273,0.312267223738166
1987,0.282828282828283,0.332157008983399
1987,0.292929292929293,0.342730939860266
1987,0.303030303030303,0.347397485194624
1987,0.313131313131313,0.354333578941454
1987,0.323232323232323,0.361804192543651
1987,0.333333333333333,0.370758647931069
1987,0.343434343434343,0.380024608527617
1987,0.353535353535354,0.387702557487308
1987,0.363636363636364,0.392395035284963
1987,0.373737373737374,0.395610354108008
1987,0.383838383838384,0.398318047747153
1987,0.393939393939394,0.401216852918848
1987,0.404040404040404,0.40432102327008
1987,0.414141414141414,0.40851360996871
1987,0.424242424242424,0.416037512600071
1987,0.434343434343434,0.426990558465773
1987,0.444444444444444,0.430153565578217
1987,0.454545454545455,0.451743866183392
1987,0.464646464646465,0.467153124854258
1987,0.474747474747475,0.478569195676243
1987,0.484848484848485,0.488883178230165
1987,0.494949494949495,0.500080216739203
1987,0.505050505050505,0.502524103747096
1987,0.515151515151515,0.503932848855371
1987,0.525252525252525,0.50709276851318
1987,0.535353535353535,0.512495539505858
1987,0.545454545454545,0.521254995153781
1987,0.555555555555556,0.532647440475613
1987,0.565656565656566,0.542568392660671
1987,0.575757575757576,0.553430726002496
1987,0.585858585858586,0.563643394432608
1987,0.595959595959596,0.570777973478644
1987,0.606060606060606,0.572707638953075
1987,0.616161616161616,0.569399326094819
1987,0.626262626262626,0.563406448751715
1987,0.636363636363636,0.556453749889386
1987,0.646464646464647,0.551608472297364
1987,0.656565656565657,0.54977292665392
1987,0.666666666666667,0.551342745747983
1987,0.676767676767677,0.556495836873296
1987,0.686868686868687,0.561738448006304
1987,0.696969696969697,0.565442219425255
1987,0.707070707070707,0.566225836395289
1987,0.717171717171717,0.565625073345321
1987,0.727272727272727,0.565653619101962
1987,0.737373737373737,0.566745127914924
1987,0.747474747474748,0.568702448872747
1987,0.757575757575758,0.572986886177915
1987,0.767676767676768,0.578627613106066
1987,0.777777777777778,0.58295868494645
1987,0.787878787878788,0.584374425865605
1987,0.797979797979798,0.582778873587277
1987,0.808080808080808,0.580060505911885
1987,0.818181818181818,0.579155379187667
1987,0.828282828282828,0.582007088707529
1987,0.838383838383838,0.589435476817892
1987,0.848484848484849,0.601869477031265
1987,0.858585858585859,0.618856801630765
1987,0.868686868686869,0.632614938556859
1987,0.878787878787879,0.640873422664064
1987,0.888888888888889,0.647840945718355
1987,0.898989898989899,0.652784788732983
1987,0.909090909090909,0.65821489822608
1987,0.919191919191919,0.668606513604746
1987,0.929292929292929,0.687336924679534
1987,0.939393939393939,0.714858622848372
1987,0.94949494949495,0.752683471366616
1987,0.95959595959596,0.791479551908612
1987,0.96969696969697,0.83853588277411
1987,0.97979797979798,0.897236598395913
1987,0.98989898989899,0.974567580902163
1987,1,1.07046092839884
1988,0,0.268311723748438
1988,0.0101010101010101,0.265868027084604
1988,0.0202020202020202,0.25802047934249
1988,0.0303030303030303,0.252511548347687
1988,0.0404040404040404,0.248863895905974
1988,0.0505050505050505,0.249977155753521
1988,0.0606060606060606,0.25981147101988
1988,0.0707070707070707,0.276250033589643
1988,0.0808080808080808,0.296173346105233
1988,0.0909090909090909,0.310728335972339
1988,0.101010101010101,0.318061670309521
1988,0.111111111111111,0.319806023654907
1988,0.121212121212121,0.319679045650326
1988,0.131313131313131,0.321200380195605
1988,0.141414141414141,0.324477705494233
1988,0.151515151515152,0.331022241351271
1988,0.161616161616162,0.338409764470662
1988,0.171717171717172,0.34363214552239
1988,0.181818181818182,0.346605985919005
1988,0.191919191919192,0.345850537791176
1988,0.202020202020202,0.339438875767125
1988,0.212121212121212,0.330536372226011
1988,0.222222222222222,0.321352184486086
1988,0.232323232323232,0.316709155459862
1988,0.242424242424242,0.318432468414374
1988,0.252525252525253,0.32550654073694
1988,0.262626262626263,0.33493692218243
1988,0.272727272727273,0.347380973554735
1988,0.282828282828283,0.371041253217332
1988,0.292929292929293,0.387656927247612
1988,0.303030303030303,0.395659336414161
1988,0.313131313131313,0.404756254987239
1988,0.323232323232323,0.414037090149151
1988,0.333333333333333,0.421526054724528
1988,0.343434343434343,0.427629240366116
1988,0.353535353535354,0.432740274856733
1988,0.363636363636364,0.437682716789533
1988,0.373737373737374,0.44043317949599
1988,0.383838383838384,0.440614577882807
1988,0.393939393939394,0.437629471678587
1988,0.404040404040404,0.433354855790917
1988,0.414141414141414,0.428931428159336
1988,0.424242424242424,0.427474397895568
1988,0.434343434343434,0.428913148115506
1988,0.444444444444444,0.433501005190123
1988,0.454545454545455,0.435929982916639
1988,0.464646464646465,0.437205711618749
1988,0.474747474747475,0.442694656651278
1988,0.484848484848485,0.451243278849531
1988,0.494949494949495,0.462206875459876
1988,0.505050505050505,0.473739715728086
1988,0.515151515151515,0.48471154782867
1988,0.525252525252525,0.497191587627139
1988,0.535353535353535,0.512052045719206
1988,0.545454545454545,0.525204985134467
1988,0.555555555555556,0.535727752449354
1988,0.565656565656566,0.544945886758459
1988,0.575757575757576,0.552047201403438
1988,0.585858585858586,0.557290966128061
1988,0.595959595959596,0.560634670808013
1988,0.606060606060606,0.561377627992407
1988,0.616161616161616,0.559789408126844
1988,0.626262626262626,0.556963624958414
1988,0.636363636363636,0.554604906002106
1988,0.646464646464647,0.556587724672019
1988,0.656565656565657,0.559708403229732
1988,0.666666666666667,0.564131681510113
1988,0.676767676767677,0.564839099160376
1988,0.686868686868687,0.565785821647818
1988,0.696969696969697,0.573008817503441
1988,0.707070707070707,0.578089122030095
1988,0.717171717171717,0.580287575150255
1988,0.727272727272727,0.584895955777339
1988,0.737373737373737,0.591623315485417
1988,0.747474747474748,0.59871463701746
1988,0.757575757575758,0.605216837649497
1988,0.767676767676768,0.609913354405268
1988,0.777777777777778,0.611211526207126
1988,0.787878787878788,0.609102054327954
1988,0.797979797979798,0.602876195133246
1988,0.808080808080808,0.596895178856612
1988,0.818181818181818,0.592365124008471
1988,0.828282828282828,0.59479366242542
1988,0.838383838383838,0.602882137557294
1988,0.848484848484849,0.615617400990582
1988,0.858585858585859,0.62976491495752
1988,0.868686868686869,0.643180334237173
1988,0.878787878787879,0.650464199530231
1988,0.888888888888889,0.662686638787273
1988,0.898989898989899,0.680233495935865
1988,0.909090909090909,0.689000176184008
1988,0.919191919191919,0.693026637886598
1988,0.929292929292929,0.69608615789597
1988,0.939393939393939,0.69765728312652
1988,0.94949494949495,0.707781428686159
1988,0.95959595959596,0.734414424124321
1988,0.96969696969697,0.780132276060784
1988,0.97979797979798,0.841870701609254
1988,0.98989898989899,0.920383791122304
1988,1,1.03151590077374
1989,0,0.26442468129308
1989,0.0101010101010101,0.270229957280963
1989,0.0202020202020202,0.271694068011492
1989,0.0303030303030303,0.272445781244242
1989,0.0404040404040404,0.273085291673363
1989,0.0505050505050505,0.273650291384498
1989,0.0606060606060606,0.275097118334106
1989,0.0707070707070707,0.278168425888335
1989,0.0808080808080808,0.285499552024731
1989,0.0909090909090909,0.297215559207565
1989,0.101010101010101,0.311856722437905
1989,0.111111111111111,0.327659722311746
1989,0.121212121212121,0.344151129205128
1989,0.131313131313131,0.362610184778709
1989,0.141414141414141,0.378750880864295
1989,0.151515151515152,0.391309894036224
1989,0.161616161616162,0.400824091537723
1989,0.171717171717172,0.407035717587833
1989,0.181818181818182,0.409660420531219
1989,0.191919191919192,0.408691934976631
1989,0.202020202020202,0.406408326604989
1989,0.212121212121212,0.406075749186742
1989,0.222222222222222,0.406233861371127
1989,0.232323232323232,0.405119275598809
1989,0.242424242424242,0.40583812332622
1989,0.252525252525253,0.413365294778616
1989,0.262626262626263,0.424178720000494
1989,0.272727272727273,0.436945744399501
1989,0.282828282828283,0.454470148651076
1989,0.292929292929293,0.475733959361448
1989,0.303030303030303,0.491902931275036
1989,0.313131313131313,0.499183435231457
1989,0.323232323232323,0.505094805512382
1989,0.333333333333333,0.510014805509668
1989,0.343434343434343,0.514698578228817
1989,0.353535353535354,0.52079203429562
1989,0.363636363636364,0.524081518576758
1989,0.373737373737374,0.525428959256093
1989,0.383838383838384,0.53013924815171
1989,0.393939393939394,0.538420923896204
1989,0.404040404040404,0.548296142644188
1989,0.414141414141414,0.547598877530461
1989,0.424242424242424,0.547061387992353
1989,0.434343434343434,0.541703728133155
1989,0.444444444444444,0.52868997847701
1989,0.454545454545455,0.521213212170508
1989,0.464646464646465,0.515812764434462
1989,0.474747474747475,0.514058871161576
1989,0.484848484848485,0.511155797646837
1989,0.494949494949495,0.504816987366406
1989,0.505050505050505,0.500396270471594
1989,0.515151515151515,0.501339834059418
1989,0.525252525252525,0.505195058460454
1989,0.535353535353535,0.507152210818376
1989,0.545454545454545,0.507364217844817
1989,0.555555555555556,0.508972331219136
1989,0.565656565656566,0.515220646201657
1989,0.575757575757576,0.528113545523209
1989,0.585858585858586,0.538183165120886
1989,0.595959595959596,0.537770021935866
1989,0.606060606060606,0.538473424518245
1989,0.616161616161616,0.549552847493145
1989,0.626262626262626,0.56264369711136
1989,0.636363636363636,0.576957694266899
1989,0.646464646464647,0.592867347582393
1989,0.656565656565657,0.607194196190949
1989,0.666666666666667,0.617598268627743
1989,0.676767676767677,0.624156518316662
1989,0.686868686868687,0.625516063452949
1989,0.696969696969697,0.624505544900174
1989,0.707070707070707,0.622012622419176
1989,0.717171717171717,0.619204161367565
1989,0.727272727272727,0.616015958306157
1989,0.737373737373737,0.615212452802439
1989,0.747474747474748,0.61776011565591
1989,0.757575757575758,0.623202827562562
1989,0.767676767676768,0.630092072821012
1989,0.777777777777778,0.637436096022019
1989,0.787878787878788,0.649878110724882
1989,0.797979797979798,0.673980918308114
1989,0.808080808080808,0.69809210297953
1989,0.818181818181818,0.705947717203282
1989,0.828282828282828,0.710719166658147
1989,0.838383838383838,0.71728849193726
1989,0.848484848484849,0.733106608442943
1989,0.858585858585859,0.745454903232263
1989,0.868686868686869,0.751833543727279
1989,0.878787878787879,0.750743254573401
1989,0.888888888888889,0.743437523062773
1989,0.898989898989899,0.732961195768547
1989,0.909090909090909,0.720675746145495
1989,0.919191919191919,0.710279133369976
1989,0.929292929292929,0.702203649181712
1989,0.939393939393939,0.70146466321857
1989,0.94949494949495,0.712159475767103
1989,0.95959595959596,0.735909963280628
1989,0.96969696969697,0.779201121890274
1989,0.97979797979798,0.854671972182297
1989,0.98989898989899,0.962517378554963
1989,1,1.08568057714002
1990,0,0.289781398686695
1990,0.0101010101010101,0.298389954935587
1990,0.0202020202020202,0.306473788657277
1990,0.0303030303030303,0.314573664443028
1990,0.0404040404040404,0.324066885833038
1990,0.0505050505050505,0.336171651036782
1990,0.0606060606060606,0.349000633470514
1990,0.0707070707070707,0.358898832827008
1990,0.0808080808080808,0.367669303560289
1990,0.0909090909090909,0.376723535652624
1990,0.101010101010101,0.386735050056469
1990,0.111111111111111,0.395263576844025
1990,0.121212121212121,0.405889390765811
1990,0.131313131313131,0.420208730534983
1990,0.141414141414141,0.434914054944327
1990,0.151515151515152,0.44744553067144
1990,0.161616161616162,0.461285148883015
1990,0.171717171717172,0.473437916650992
1990,0.181818181818182,0.481921597379683
1990,0.191919191919192,0.487420557873948
1990,0.202020202020202,0.489412256047915
1990,0.212121212121212,0.48594458478255
1990,0.222222222222222,0.476064669868242
1990,0.232323232323232,0.462177258078887
1990,0.242424242424242,0.448149000039396
1990,0.252525252525253,0.439308236166085
1990,0.262626262626263,0.438645282666203
1990,0.272727272727273,0.446183227204485
1990,0.282828282828283,0.457873406007847
1990,0.292929292929293,0.468079817991524
1990,0.303030303030303,0.475647418628909
1990,0.313131313131313,0.480137798565478
1990,0.323232323232323,0.481049359788405
1990,0.333333333333333,0.479612947727871
1990,0.343434343434343,0.475964072540438
1990,0.353535353535354,0.473164688519396
1990,0.363636363636364,0.471359749705059
1990,0.373737373737374,0.471752828413133
1990,0.383838383838384,0.471689408884434
1990,0.393939393939394,0.472577508910187
1990,0.404040404040404,0.476647340101343
1990,0.414141414141414,0.479294041959146
1990,0.424242424242424,0.484237543611517
1990,0.434343434343434,0.488996817776903
1990,0.444444444444444,0.490865636725337
1990,0.454545454545455,0.490967842409173
1990,0.464646464646465,0.48897913100444
1990,0.474747474747475,0.485396581058541
1990,0.484848484848485,0.481428500595166
1990,0.494949494949495,0.477211274228069
1990,0.505050505050505,0.474693924479501
1990,0.515151515151515,0.473607360460555
1990,0.525252525252525,0.472880699221794
1990,0.535353535353535,0.471456375436964
1990,0.545454545454545,0.469871299293015
1990,0.555555555555556,0.470336659297623
1990,0.565656565656566,0.47529739515311
1990,0.575757575757576,0.485678713129234
1990,0.585858585858586,0.499676526427222
1990,0.595959595959596,0.512294678906319
1990,0.606060606060606,0.521198046441259
1990,0.616161616161616,0.5260667042302
1990,0.626262626262626,0.530969858929699
1990,0.636363636363636,0.536220505639137
1990,0.646464646464647,0.543306317595485
1990,0.656565656565657,0.551658627575537
1990,0.666666666666667,0.561038501350894
1990,0.676767676767677,0.573405557550228
1990,0.686868686868687,0.584547244781978
1990,0.696969696969697,0.593053137282686
1990,0.707070707070707,0.600873060746588
1990,0.717171717171717,0.60723738913859
1990,0.727272727272727,0.611909098198471
1990,0.737373737373737,0.616044211617282
1990,0.747474747474748,0.620171144841546
1990,0.757575757575758,0.626342184636805
1990,0.767676767676768,0.633877312675519
1990,0.777777777777778,0.642397894098764
1990,0.787878787878788,0.652697378103552
1990,0.797979797979798,0.66152407467304
1990,0.808080808080808,0.667649046957782
1990,0.818181818181818,0.670976052798565
1990,0.828282828282828,0.670871812681896
1990,0.838383838383838,0.669539986244934
1990,0.848484848484849,0.668130844130779
1990,0.858585858585859,0.666390264738883
1990,0.868686868686869,0.664561989802478
1990,0.878787878787879,0.664181137970474
1990,0.888888888888889,0.66482249518052
1990,0.898989898989899,0.665747346301098
1990,0.909090909090909,0.670092476471746
1990,0.919191919191919,0.6784474832077
1990,0.929292929292929,0.695662174678838
1990,0.939393939393939,0.722125317344035
1990,0.94949494949495,0.758750145184981
1990,0.95959595959596,0.803502913403047
1990,0.96969696969697,0.863547468514437
1990,0.97979797979798,0.942920119698793
1990,0.98989898989899,1.02966324013692
1990,1,1.10995348759661
1991,0,0.33194111313162
1991,0.0101010101010101,0.33761077911119
1991,0.0202020202020202,0.341531402311483
1991,0.0303030303030303,0.346193929128803
1991,0.0404040404040404,0.351668054134118
1991,0.0505050505050505,0.357551325163177
1991,0.0606060606060606,0.362417326682521
1991,0.0707070707070707,0.368655422303257
1991,0.0808080808080808,0.370444529411629
1991,0.0909090909090909,0.372022077934273
1991,0.101010101010101,0.374600238798644
1991,0.111111111111111,0.377428792630598
1991,0.121212121212121,0.379837343908375
1991,0.131313131313131,0.380178032918311
1991,0.141414141414141,0.377666084372486
1991,0.151515151515152,0.372543526816377
1991,0.161616161616162,0.366085877008302
1991,0.171717171717172,0.359504655475956
1991,0.181818181818182,0.35310044208502
1991,0.191919191919192,0.344901717407194
1991,0.202020202020202,0.337976391672285
1991,0.212121212121212,0.336880809182681
1991,0.222222222222222,0.342318884508754
1991,0.232323232323232,0.35256405369081
1991,0.242424242424242,0.364859902325247
1991,0.252525252525253,0.375554066761673
1991,0.262626262626263,0.384439324877832
1991,0.272727272727273,0.390870432968148
1991,0.282828282828283,0.395665593990289
1991,0.292929292929293,0.39897126223862
1991,0.303030303030303,0.401601455667206
1991,0.313131313131313,0.40522181795164
1991,0.323232323232323,0.408340591120006
1991,0.333333333333333,0.412010481185816
1991,0.343434343434343,0.417083573007409
1991,0.353535353535354,0.421966455463478
1991,0.363636363636364,0.427286429573964
1991,0.373737373737374,0.433641202247899
1991,0.383838383838384,0.439022439377266
1991,0.393939393939394,0.443734805264356
1991,0.404040404040404,0.448923590776345
1991,0.414141414141414,0.455193358836913
1991,0.424242424242424,0.466195622851584
1991,0.434343434343434,0.483269241127693
1991,0.444444444444444,0.498421194218852
1991,0.454545454545455,0.509313211398229
1991,0.464646464646465,0.525075206652667
1991,0.474747474747475,0.540096216854512
1991,0.484848484848485,0.5518272584756
1991,0.494949494949495,0.570432518172491
1991,0.505050505050505,0.590934455147329
1991,0.515151515151515,0.607879807774261
1991,0.525252525252525,0.618076589605851
1991,0.535353535353535,0.62366890712014
1991,0.545454545454545,0.627634123329595
1991,0.555555555555556,0.630759478139796
1991,0.565656565656566,0.633316503742112
1991,0.575757575757576,0.638444293996774
1991,0.585858585858586,0.646868711941871
1991,0.595959595959596,0.65650733386805
1991,0.606060606060606,0.66553352033331
1991,0.616161616161616,0.67307938869406
1991,0.626262626262626,0.678565874853088
1991,0.636363636363636,0.683240864977222
1991,0.646464646464647,0.694939631522993
1991,0.656565656565657,0.716334099794089
1991,0.666666666666667,0.726455349204251
1991,0.676767676767677,0.742430435740375
1991,0.686868686868687,0.761495343608485
1991,0.696969696969697,0.77134294517977
1991,0.707070707070707,0.777217028896316
1991,0.717171717171717,0.780011636286649
1991,0.727272727272727,0.780274388416749
1991,0.737373737373737,0.777776966089959
1991,0.747474747474748,0.773203356278875
1991,0.757575757575758,0.768759583735112
1991,0.767676767676768,0.764212601655716
1991,0.777777777777778,0.758194015421321
1991,0.787878787878788,0.752919534969063
1991,0.797979797979798,0.7501713954793
1991,0.808080808080808,0.752923223560903
1991,0.818181818181818,0.758432224990448
1991,0.828282828282828,0.764763417285407
1991,0.838383838383838,0.773234524572062
1991,0.848484848484849,0.780265413287967
1991,0.858585858585859,0.783470011501345
1991,0.868686868686869,0.783207398989999
1991,0.878787878787879,0.778326097293817
1991,0.888888888888889,0.768024361454875
1991,0.898989898989899,0.750040133033708
1991,0.909090909090909,0.737146726110432
1991,0.919191919191919,0.731520948311519
1991,0.929292929292929,0.720604750042374
1991,0.939393939393939,0.714454439439577
1991,0.94949494949495,0.711777947676371
1991,0.95959595959596,0.723216030576922
1991,0.96969696969697,0.748865785978734
1991,0.97979797979798,0.788725743119269
1991,0.98989898989899,0.848755179762554
1991,1,0.915076961279063
1992,0,0.405827560564455
1992,0.0101010101010101,0.418482646476294
1992,0.0202020202020202,0.434077224785862
1992,0.0303030303030303,0.449738502302069
1992,0.0404040404040404,0.46562616298813
1992,0.0505050505050505,0.481386360333301
1992,0.0606060606060606,0.495870585826225
1992,0.0707070707070707,0.508202046892952
1992,0.0808080808080808,0.518658198679315
1992,0.0909090909090909,0.524045515525951
1992,0.101010101010101,0.524959216453744
1992,0.111111111111111,0.523006533761379
1992,0.121212121212121,0.520879730049936
1992,0.131313131313131,0.521721914525954
1992,0.141414141414141,0.524616848934273
1992,0.151515151515152,0.528737696071426
1992,0.161616161616162,0.532619655013226
1992,0.171717171717172,0.534825646781439
1992,0.181818181818182,0.53496254811668
1992,0.191919191919192,0.533728926838405
1992,0.202020202020202,0.531853291740415
1992,0.212121212121212,0.528289030534075
1992,0.222222222222222,0.524442325025688
1992,0.232323232323232,0.521248004710844
1992,0.242424242424242,0.520160229674609
1992,0.252525252525253,0.520274510586534
1992,0.262626262626263,0.522304512849259
1992,0.272727272727273,0.528621605476903
1992,0.282828282828283,0.535305895567963
1992,0.292929292929293,0.541850365554053
1992,0.303030303030303,0.548280795777811
1992,0.313131313131313,0.545395231105427
1992,0.323232323232323,0.539378668917812
1992,0.333333333333333,0.536051198157719
1992,0.343434343434343,0.535852438895691
1992,0.353535353535354,0.541392549851183
1992,0.363636363636364,0.545204601060132
1992,0.373737373737374,0.54592474956556
1992,0.383838383838384,0.543378709893732
1992,0.393939393939394,0.539118107156654
1992,0.404040404040404,0.538586603828538
1992,0.414141414141414,0.53953242373575
1992,0.424242424242424,0.544369647974469
1992,0.434343434343434,0.549852286320594
1992,0.444444444444444,0.555385495853773
1992,0.454545454545455,0.560932691841844
1992,0.464646464646465,0.567890138487849
1992,0.474747474747475,0.569967005759149
1992,0.484848484848485,0.573637958185976
1992,0.494949494949495,0.579726478406352
1992,0.505050505050505,0.582691660138077
1992,0.515151515151515,0.584316960695346
1992,0.525252525252525,0.585192318194764
1992,0.535353535353535,0.582702807518841
1992,0.545454545454545,0.57856486877277
1992,0.555555555555556,0.574931166480988
1992,0.565656565656566,0.573768595056138
1992,0.575757575757576,0.574957884119159
1992,0.585858585858586,0.578552512307783
1992,0.595959595959596,0.584319059077614
1992,0.606060606060606,0.591384573920672
1992,0.616161616161616,0.598276223588559
1992,0.626262626262626,0.606717989611801
1992,0.636363636363636,0.615915855392436
1992,0.646464646464647,0.623151950189622
1992,0.656565656565657,0.620680733001648
1992,0.666666666666667,0.616928707585926
1992,0.676767676767677,0.618073498870605
1992,0.686868686868687,0.620891841800257
1992,0.696969696969697,0.626023393898522
1992,0.707070707070707,0.631839872604799
1992,0.717171717171717,0.636626631203345
1992,0.727272727272727,0.639578336954864
1992,0.737373737373737,0.64531933615249
1992,0.747474747474748,0.656280599336206
1992,0.757575757575758,0.668302119083738
1992,0.767676767676768,0.679519157164401
1992,0.777777777777778,0.690009332550722
1992,0.787878787878788,0.697911662090676
1992,0.797979797979798,0.707186548010031
1992,0.808080808080808,0.711930548502029
1992,0.818181818181818,0.714773937452379
1992,0.828282828282828,0.716461328741144
1992,0.838383838383838,0.718117552943136
1992,0.848484848484849,0.718613737556435
1992,0.858585858585859,0.719749976974829
1992,0.868686868686869,0.721263644655342
1992,0.878787878787879,0.723899671220173
1992,0.888888888888889,0.728179824198307
1992,0.898989898989899,0.732721587758262
1992,0.909090909090909,0.73760635329106
1992,0.919191919191919,0.745943511799104
1992,0.929292929292929,0.758999047659971
1992,0.939393939393939,0.781715917801596
1992,0.94949494949495,0.804719476543969
1992,0.95959595959596,0.833583070749884
1992,0.96969696969697,0.883089306943182
1992,0.97979797979798,0.955356452141857
1992,0.98989898989899,1.04321492070118
1992,1,1.12054508700166
1993,0,0.300190725954647
1993,0.0101010101010101,0.325709859957962
1993,0.0202020202020202,0.35619286977418
1993,0.0303030303030303,0.388156705895186
1993,0.0404040404040404,0.418077739982309
1993,0.0505050505050505,0.443059795488046
1993,0.0606060606060606,0.463625272081227
1993,0.0707070707070707,0.478926010818597
1993,0.0808080808080808,0.493981545471679
1993,0.0909090909090909,0.508761533678518
1993,0.101010101010101,0.521050030902189
1993,0.111111111111111,0.531399801458073
1993,0.121212121212121,0.540088789588183
1993,0.131313131313131,0.545487178335668
1993,0.141414141414141,0.550483315770566
1993,0.151515151515152,0.558092143683461
1993,0.161616161616162,0.566156446008452
1993,0.171717171717172,0.572856958737209
1993,0.181818181818182,0.576839677032857
1993,0.191919191919192,0.580547425698568
1993,0.202020202020202,0.585602340802221
1993,0.212121212121212,0.590215572090523
1993,0.222222222222222,0.596978812936747
1993,0.232323232323232,0.606997358462139
1993,0.242424242424242,0.614852331059185
1993,0.252525252525253,0.61799870488588
1993,0.262626262626263,0.620967999542981
1993,0.272727272727273,0.627703915966503
1993,0.282828282828283,0.637532705919712
1993,0.292929292929293,0.64428430875584
1993,0.303030303030303,0.64343115792042
1993,0.313131313131313,0.642737993138753
1993,0.323232323232323,0.637669715664152
1993,0.333333333333333,0.631264572805276
1993,0.343434343434343,0.62439614593614
1993,0.353535353535354,0.621058090593639
1993,0.363636363636364,0.623306451085395
1993,0.373737373737374,0.630971301121576
1993,0.383838383838384,0.640193998558269
1993,0.393939393939394,0.645252768721856
1993,0.404040404040404,0.644486880418893
1993,0.414141414141414,0.640971385623379
1993,0.424242424242424,0.636134258059839
1993,0.434343434343434,0.631550489732831
1993,0.444444444444444,0.628751847349022
1993,0.454545454545455,0.62444659919829
1993,0.464646464646465,0.625058874707704
1993,0.474747474747475,0.627698498572057
1993,0.484848484848485,0.630491081002637
1993,0.494949494949495,0.632929216016122
1993,0.505050505050505,0.633204810255589
1993,0.515151515151515,0.632427708196172
1993,0.525252525252525,0.630106970796889
1993,0.535353535353535,0.627180377651981
1993,0.545454545454545,0.624395269643858
1993,0.555555555555556,0.622454200774042
1993,0.565656565656566,0.621401822563748
1993,0.575757575757576,0.623247238072743
1993,0.585858585858586,0.633258229435846
1993,0.595959595959596,0.63969788760121
1993,0.606060606060606,0.649561043171818
1993,0.616161616161616,0.6523672020755
1993,0.626262626262626,0.652148192965074
1993,0.636363636363636,0.654305567694737
1993,0.646464646464647,0.655916297955467
1993,0.656565656565657,0.659562063813918
1993,0.666666666666667,0.665887156408234
1993,0.676767676767677,0.665761297379567
1993,0.686868686868687,0.667884539893767
1993,0.696969696969697,0.6675118140399
1993,0.707070707070707,0.665215065784098
1993,0.717171717171717,0.665532183453358
1993,0.727272727272727,0.667645090785089
1993,0.737373737373737,0.670093183967239
1993,0.747474747474748,0.673472714160694
1993,0.757575757575758,0.67776215643865
1993,0.767676767676768,0.682434378817034
1993,0.777777777777778,0.686036521567726
1993,0.787878787878788,0.688208106140968
1993,0.797979797979798,0.687890593070386
1993,0.808080808080808,0.687895087570159
1993,0.818181818181818,0.689904150847024
1993,0.828282828282828,0.696336714196216
1993,0.838383838383838,0.704656830073772
1993,0.848484848484849,0.713693512297499
1993,0.858585858585859,0.724522948249419
1993,0.868686868686869,0.731179085793911
1993,0.878787878787879,0.735319050692193
1993,0.888888888888889,0.738972901582768
1993,0.898989898989899,0.746554227614921
1993,0.909090909090909,0.761953229400071
1993,0.919191919191919,0.770964375074365
1993,0.929292929292929,0.773533153252657
1993,0.939393939393939,0.791661747822336
1993,0.94949494949495,0.819128767909409
1993,0.95959595959596,0.85886740454042
1993,0.96969696969697,0.911875716319399
1993,0.97979797979798,0.970549526552122
1993,0.98989898989899,1.05469272558946
1993,1,1.07312484448898
1994,0,0.209239856800131
1994,0.0101010101010101,0.207827293344264
1994,0.0202020202020202,0.208695878004731
1994,0.0303030303030303,0.211719210551976
1994,0.0404040404040404,0.222761212573052
1994,0.0505050505050505,0.229198580627429
1994,0.0606060606060606,0.232841943422532
1994,0.0707070707070707,0.240691945220923
1994,0.0808080808080808,0.243704614123587
1994,0.0909090909090909,0.244105076734484
1994,0.101010101010101,0.245028971293315
1994,0.111111111111111,0.24631978137156
1994,0.121212121212121,0.247554668659697
1994,0.131313131313131,0.248477089557085
1994,0.141414141414141,0.252105313166645
1994,0.151515151515152,0.259301565400111
1994,0.161616161616162,0.268835815385135
1994,0.171717171717172,0.277893093949977
1994,0.181818181818182,0.286374944378615
1994,0.191919191919192,0.296974238101258
1994,0.202020202020202,0.306914271532792
1994,0.212121212121212,0.317274596770535
1994,0.222222222222222,0.324287575064279
1994,0.232323232323232,0.328640739375637
1994,0.242424242424242,0.329681266728842
1994,0.252525252525253,0.327268488866434
1994,0.262626262626263,0.323795804022187
1994,0.272727272727273,0.320738421574079
1994,0.282828282828283,0.318864927769259
1994,0.292929292929293,0.319400636776652
1994,0.303030303030303,0.324278254497737
1994,0.313131313131313,0.331695295939423
1994,0.323232323232323,0.340118857257433
1994,0.333333333333333,0.346843705420434
1994,0.343434343434343,0.351114327067548
1994,0.353535353535354,0.354563006352365
1994,0.363636363636364,0.357564091339745
1994,0.373737373737374,0.359998817757952
1994,0.383838383838384,0.362568910934312
1994,0.393939393939394,0.365612582107683
1994,0.404040404040404,0.369290241734807
1994,0.414141414141414,0.372805882120456
1994,0.424242424242424,0.378279248191135
1994,0.434343434343434,0.386406405785575
1994,0.444444444444444,0.395430004286608
1994,0.454545454545455,0.402172928124268
1994,0.464646464646465,0.414744934650073
1994,0.474747474747475,0.426686879181216
1994,0.484848484848485,0.436226180772732
1994,0.494949494949495,0.446749123219691
1994,0.505050505050505,0.456635105522757
1994,0.515151515151515,0.469621975496896
1994,0.525252525252525,0.495036604515756
1994,0.535353535353535,0.514729340451514
1994,0.545454545454545,0.529561127573976
1994,0.555555555555556,0.554680749854139
1994,0.565656565656566,0.569395674796328
1994,0.575757575757576,0.567492281714057
1994,0.585858585858586,0.570132400811734
1994,0.595959595959596,0.576080274761492
1994,0.606060606060606,0.580908245020599
1994,0.616161616161616,0.586979046670545
1994,0.626262626262626,0.593393707060592
1994,0.636363636363636,0.600940460026658
1994,0.646464646464647,0.608571383036289
1994,0.656565656565657,0.615470044976209
1994,0.666666666666667,0.621089072908378
1994,0.676767676767677,0.624340720726867
1994,0.686868686868687,0.625166340322693
1994,0.696969696969697,0.629815928469228
1994,0.707070707070707,0.641103252995863
1994,0.717171717171717,0.653812653526456
1994,0.727272727272727,0.673120074765605
1994,0.737373737373737,0.701757686117857
1994,0.747474747474748,0.7360759735759
1994,0.757575757575758,0.770161410830782
1994,0.767676767676768,0.80221649813226
1994,0.777777777777778,0.831601852096291
1994,0.787878787878788,0.857476380223332
1994,0.797979797979798,0.872781588863759
1994,0.808080808080808,0.876710757655149
1994,0.818181818181818,0.875391309654012
1994,0.828282828282828,0.879178425436802
1994,0.838383838383838,0.894911606212015
1994,0.848484848484849,0.916811890323017
1994,0.858585858585859,0.938001745992029
1994,0.868686868686869,0.958253538887622
1994,0.878787878787879,0.966937611299723
1994,0.888888888888889,0.966976000881773
1994,0.898989898989899,0.963536967988819
1994,0.909090909090909,0.961203441278414
1994,0.919191919191919,0.95706021367579
1994,0.929292929292929,0.9565534512257
1994,0.939393939393939,0.968185939168315
1994,0.94949494949495,0.996171915274722
1994,0.95959595959596,1.04453708997693
1994,0.96969696969697,1.10681688069188
1994,0.97979797979798,1.17716626371289
1994,0.98989898989899,1.25538370163426
1994,1,1.31775305507249
1995,0,0.223207855065263
1995,0.0101010101010101,0.226781145704894
1995,0.0202020202020202,0.236226940625272
1995,0.0303030303030303,0.243823774027769
1995,0.0404040404040404,0.252884084744166
1995,0.0505050505050505,0.261746350589595
1995,0.0606060606060606,0.267912146001243
1995,0.0707070707070707,0.272603977341527
1995,0.0808080808080808,0.278933569424434
1995,0.0909090909090909,0.286559007994277
1995,0.101010101010101,0.293423356723481
1995,0.111111111111111,0.29902770843937
1995,0.121212121212121,0.302972846210322
1995,0.131313131313131,0.305468849017356
1995,0.141414141414141,0.30712337485974
1995,0.151515151515152,0.309121108268048
1995,0.161616161616162,0.311197326715618
1995,0.171717171717172,0.312797109809425
1995,0.181818181818182,0.315183665877168
1995,0.191919191919192,0.316902366742974
1995,0.202020202020202,0.31570029477408
1995,0.212121212121212,0.312418133082621
1995,0.222222222222222,0.309815879646705
1995,0.232323232323232,0.311352597982329
1995,0.242424242424242,0.31697851131378
1995,0.252525252525253,0.320226269345876
1995,0.262626262626263,0.320626681031765
1995,0.272727272727273,0.322531639948944
1995,0.282828282828283,0.325917071365642
1995,0.292929292929293,0.332558634068126
1995,0.303030303030303,0.336757712407031
1995,0.313131313131313,0.34138523920494
1995,0.323232323232323,0.346919684633371
1995,0.333333333333333,0.352190988732918
1995,0.343434343434343,0.35683743981587
1995,0.353535353535354,0.361543789701568
1995,0.363636363636364,0.36473417094944
1995,0.373737373737374,0.368122304328684
1995,0.383838383838384,0.3738120961768
1995,0.393939393939394,0.381072452266638
1995,0.404040404040404,0.392812640723741
1995,0.414141414141414,0.419091550150377
1995,0.424242424242424,0.448318633314471
1995,0.434343434343434,0.462374489730702
1995,0.444444444444444,0.470265257955046
1995,0.454545454545455,0.475774979151659
1995,0.464646464646465,0.480797547885254
1995,0.474747474747475,0.48820002788871
1995,0.484848484848485,0.496525498956564
1995,0.494949494949495,0.503802288059395
1995,0.505050505050505,0.509129743481587
1995,0.515151515151515,0.511931031015287
1995,0.525252525252525,0.513686918638228
1995,0.535353535353535,0.515578222667966
1995,0.545454545454545,0.517524537498118
1995,0.555555555555556,0.51982852181174
1995,0.565656565656566,0.5228059621469
1995,0.575757575757576,0.526602260816509
1995,0.585858585858586,0.532760069886434
1995,0.595959595959596,0.542768462418341
1995,0.606060606060606,0.55589491920889
1995,0.616161616161616,0.564811881550622
1995,0.626262626262626,0.570855409438771
1995,0.636363636363636,0.574493761449798
1995,0.646464646464647,0.584317128282512
1995,0.656565656565657,0.591372715802279
1995,0.666666666666667,0.593586099271981
1995,0.676767676767677,0.59661503362278
1995,0.686868686868687,0.602252339967366
1995,0.696969696969697,0.611150989217322
1995,0.707070707070707,0.620017883031761
1995,0.717171717171717,0.63018165033989
1995,0.727272727272727,0.640467859483011
1995,0.737373737373737,0.650022808500809
1995,0.747474747474748,0.657267403652724
1995,0.757575757575758,0.663536309493448
1995,0.767676767676768,0.670754920791573
1995,0.777777777777778,0.681878866925481
1995,0.787878787878788,0.696267861051842
1995,0.797979797979798,0.710606116886152
1995,0.808080808080808,0.726896680099497
1995,0.818181818181818,0.731930684582295
1995,0.828282828282828,0.73128816630448
1995,0.838383838383838,0.746822662369366
1995,0.848484848484849,0.768704777483414
1995,0.858585858585859,0.786455306934234
1995,0.868686868686869,0.803322564846063
1995,0.878787878787879,0.823534185378236
1995,0.888888888888889,0.844192186082572
1995,0.898989898989899,0.859844185425469
1995,0.909090909090909,0.869590782211293
1995,0.919191919191919,0.877288938195109
1995,0.929292929292929,0.888846267598547
1995,0.939393939393939,0.911921900534959
1995,0.94949494949495,0.951420929330665
1995,0.95959595959596,1.00668200876688
1995,0.96969696969697,1.06936777593722
1995,0.97979797979798,1.12721268947293
1995,0.98989898989899,1.1468831941103
1995,1,1.12909583802482
1996,0,0.302724182269941
1996,0.0101010101010101,0.30208949826031
1996,0.0202020202020202,0.311452149874988
1996,0.0303030303030303,0.331947674914905
1996,0.0404040404040404,0.358726306831313
1996,0.0505050505050505,0.383198381198975
1996,0.0606060606060606,0.404070208625017
1996,0.0707070707070707,0.421199797877699
1996,0.0808080808080808,0.437377598630141
1996,0.0909090909090909,0.455530000770786
1996,0.101010101010101,0.476230897447736
1996,0.111111111111111,0.496654510103938
1996,0.121212121212121,0.514813886922447
1996,0.131313131313131,0.53093835275752
1996,0.141414141414141,0.54260240043232
1996,0.151515151515152,0.549884714369615
1996,0.161616161616162,0.554871908029415
1996,0.171717171717172,0.558283337079368
1996,0.181818181818182,0.559634918156906
1996,0.191919191919192,0.56085345966207
1996,0.202020202020202,0.563998059783736
1996,0.212121212121212,0.567956782115193
1996,0.222222222222222,0.573476710729254
1996,0.232323232323232,0.579484128655989
1996,0.242424242424242,0.585361775082273
1996,0.252525252525253,0.590940617183532
1996,0.262626262626263,0.596088207751575
1996,0.272727272727273,0.601664295013809
1996,0.282828282828283,0.608795343036073
1996,0.292929292929293,0.620263274017729
1996,0.303030303030303,0.636074389205293
1996,0.313131313131313,0.648066795678433
1996,0.323232323232323,0.666513457084202
1996,0.333333333333333,0.699092984383404
1996,0.343434343434343,0.714234540262008
1996,0.353535353535354,0.725359805368293
1996,0.363636363636364,0.731291991631545
1996,0.373737373737374,0.733192814432848
1996,0.383838383838384,0.732278116212476
1996,0.393939393939394,0.730457358403924
1996,0.404040404040404,0.726246691006132
1996,0.414141414141414,0.717654760749208
1996,0.424242424242424,0.710304731693362
1996,0.434343434343434,0.70692654987549
1996,0.444444444444444,0.703051202336158
1996,0.454545454545455,0.696413291147969
1996,0.464646464646465,0.688787384136655
1996,0.474747474747475,0.683297401289344
1996,0.484848484848485,0.681388602162816
1996,0.494949494949495,0.681781860714078
1996,0.505050505050505,0.684237053463208
1996,0.515151515151515,0.688368428883518
1996,0.525252525252525,0.694978487335643
1996,0.535353535353535,0.699775456423027
1996,0.545454545454545,0.702869638939168
1996,0.555555555555556,0.704718445431515
1996,0.565656565656566,0.706736940902875
1996,0.575757575757576,0.708842479660247
1996,0.585858585858586,0.713000165621577
1996,0.595959595959596,0.720131020767583
1996,0.606060606060606,0.728767765177617
1996,0.616161616161616,0.735538492251202
1996,0.626262626262626,0.739103770251302
1996,0.636363636363636,0.739270156075941
1996,0.646464646464647,0.740230787894002
1996,0.656565656565657,0.74039504349353
1996,0.666666666666667,0.739498335572649
1996,0.676767676767677,0.738211309156753
1996,0.686868686868687,0.739667942924523
1996,0.696969696969697,0.741539602629787
1996,0.707070707070707,0.744420937673657
1996,0.717171717171717,0.750726381698768
1996,0.727272727272727,0.760751916070742
1996,0.737373737373737,0.773016818292748
1996,0.747474747474748,0.786075045327469
1996,0.757575757575758,0.80201081100175
1996,0.767676767676768,0.81669456274581
1996,0.777777777777778,0.828855349574037
1996,0.787878787878788,0.837755497093553
1996,0.797979797979798,0.84336922218773
1996,0.808080808080808,0.847191198786197
1996,0.818181818181818,0.848821368178639
1996,0.828282828282828,0.846457199365108
1996,0.838383838383838,0.842036821462067
1996,0.848484848484849,0.840727527107444
1996,0.858585858585859,0.839566621933627
1996,0.868686868686869,0.833737449828377
1996,0.878787878787879,0.824617544771195
1996,0.888888888888889,0.812458995281319
1996,0.898989898989899,0.801135477582501
1996,0.909090909090909,0.795681352397341
1996,0.919191919191919,0.79748856624196
1996,0.929292929292929,0.80280484398043
1996,0.939393939393939,0.811179690301677
1996,0.94949494949495,0.824079805916204
1996,0.95959595959596,0.83666893633514
1996,0.96969696969697,0.849717253923394
1996,0.97979797979798,0.874386188001342
1996,0.98989898989899,0.888903470680166
1996,1,0.865332984814122
1997,0,0.402300375151558
1997,0.0101010101010101,0.411084717234261
1997,0.0202020202020202,0.42089060049047
1997,0.0303030303030303,0.429982376996062
1997,0.0404040404040404,0.435686837479452
1997,0.0505050505050505,0.439824726090789
1997,0.0606060606060606,0.443311578128148
1997,0.0707070707070707,0.445919775806041
1997,0.0808080808080808,0.447760892753344
1997,0.0909090909090909,0.449053217000226
1997,0.101010101010101,0.450438838872221
1997,0.111111111111111,0.453079851277267
1997,0.121212121212121,0.457023069970652
1997,0.131313131313131,0.4618368288664
1997,0.141414141414141,0.470400694294491
1997,0.151515151515152,0.479334662854494
1997,0.161616161616162,0.485609661076669
1997,0.171717171717172,0.492486660002348
1997,0.181818181818182,0.50330159252364
1997,0.191919191919192,0.525724812297155
1997,0.202020202020202,0.544553033316647
1997,0.212121212121212,0.558603031915187
1997,0.222222222222222,0.575875635007982
1997,0.232323232323232,0.595396379566784
1997,0.242424242424242,0.60444759992553
1997,0.252525252525253,0.611006726128782
1997,0.262626262626263,0.617817262637683
1997,0.272727272727273,0.623569486269177
1997,0.282828282828283,0.627939414386602
1997,0.292929292929293,0.63144425681972
1997,0.303030303030303,0.635875555936612
1997,0.313131313131313,0.642859493190669
1997,0.323232323232323,0.651878021923465
1997,0.333333333333333,0.65997887600796
1997,0.343434343434343,0.664973811799688
1997,0.353535353535354,0.665327900791414
1997,0.363636363636364,0.662921901645354
1997,0.373737373737374,0.658395509688595
1997,0.383838383838384,0.651634720611611
1997,0.393939393939394,0.645076273116237
1997,0.404040404040404,0.64704370901107
1997,0.414141414141414,0.650673903685954
1997,0.424242424242424,0.645617437654402
1997,0.434343434343434,0.639964682583036
1997,0.444444444444444,0.633237596759441
1997,0.454545454545455,0.626285022035009
1997,0.464646464646465,0.621407719857894
1997,0.474747474747475,0.602882869455025
1997,0.484848484848485,0.584930893451148
1997,0.494949494949495,0.578098772116679
1997,0.505050505050505,0.5709451979516
1997,0.515151515151515,0.565854099598268
1997,0.525252525252525,0.561593490849178
1997,0.535353535353535,0.558428656090876
1997,0.545454545454545,0.557949140387542
1997,0.555555555555556,0.56079882430669
1997,0.565656565656566,0.56671377627127
1997,0.575757575757576,0.57404149001421
1997,0.585858585858586,0.580639569296473
1997,0.595959595959596,0.583256743866357
1997,0.606060606060606,0.584756936995722
1997,0.616161616161616,0.589697089787371
1997,0.626262626262626,0.599887529275107
1997,0.636363636363636,0.609840835447489
1997,0.646464646464647,0.615397948577723
1997,0.656565656565657,0.622609429125883
1997,0.666666666666667,0.63562501562199
1997,0.676767676767677,0.647507821394663
1997,0.686868686868687,0.654053324196121
1997,0.696969696969697,0.657535364206256
1997,0.707070707070707,0.664007579239989
1997,0.717171717171717,0.674834595828104
1997,0.727272727272727,0.683310607438026
1997,0.737373737373737,0.689384897529657
1997,0.747474747474748,0.692788014973517
1997,0.757575757575758,0.694135423299318
1997,0.767676767676768,0.693153211669816
1997,0.777777777777778,0.691503102420673
1997,0.787878787878788,0.690078366100436
1997,0.797979797979798,0.689601934523408
1997,0.808080808080808,0.688929298486807
1997,0.818181818181818,0.68801549203858
1997,0.828282828282828,0.688073143400656
1997,0.838383838383838,0.691612448461364
1997,0.848484848484849,0.6972823783095
1997,0.858585858585859,0.703044254975112
1997,0.868686868686869,0.707319248109462
1997,0.878787878787879,0.711195349307557
1997,0.888888888888889,0.717341247739288
1997,0.898989898989899,0.728030757167822
1997,0.909090909090909,0.744429351257008
1997,0.919191919191919,0.766261199789566
1997,0.929292929292929,0.792676059925177
1997,0.939393939393939,0.824106858295773
1997,0.94949494949495,0.866304374317024
1997,0.95959595959596,0.921782448377949
1997,0.96969696969697,0.998936734188981
1997,0.97979797979798,1.07702891937535
1997,0.98989898989899,1.12111627441918
1997,1,1.15226779380893
1998,0,0.372139054698143
1998,0.0101010101010101,0.37643667485519
1998,0.0202020202020202,0.383661466502352
1998,0.0303030303030303,0.387009382241984
1998,0.0404040404040404,0.392003168141795
1998,0.0505050505050505,0.396922123983835
1998,0.0606060606060606,0.402507700234646
1998,0.0707070707070707,0.408697223039783
1998,0.0808080808080808,0.415876487057052
1998,0.0909090909090909,0.422083823715819
1998,0.101010101010101,0.428671701183363
1998,0.111111111111111,0.434493864448653
1998,0.121212121212121,0.436664496235001
1998,0.131313131313131,0.437317838704217
1998,0.141414141414141,0.438331327188777
1998,0.151515151515152,0.439216835941359
1998,0.161616161616162,0.439177077324584
1998,0.171717171717172,0.438345504212595
1998,0.181818181818182,0.4383759396464
1998,0.191919191919192,0.441014853490655
1998,0.202020202020202,0.446678486638587
1998,0.212121212121212,0.452637916503478
1998,0.222222222222222,0.458554070987805
1998,0.232323232323232,0.461882115814297
1998,0.242424242424242,0.463312895141219
1998,0.252525252525253,0.464274342889915
1998,0.262626262626263,0.467844085833165
1998,0.272727272727273,0.474831227495963
1998,0.282828282828283,0.483253607628216
1998,0.292929292929293,0.492066075208885
1998,0.303030303030303,0.499021910700905
1998,0.313131313131313,0.504229268655083
1998,0.323232323232323,0.506936051874872
1998,0.333333333333333,0.509858460121012
1998,0.343434343434343,0.514157462200331
1998,0.353535353535354,0.523044530873727
1998,0.363636363636364,0.532274611483481
1998,0.373737373737374,0.538111261916059
1998,0.383838383838384,0.544330753416275
1998,0.393939393939394,0.548757883368024
1998,0.404040404040404,0.552936875786609
1998,0.414141414141414,0.555472715989698
1998,0.424242424242424,0.55675781315469
1998,0.434343434343434,0.558836768779321
1998,0.444444444444444,0.562660460762668
1998,0.454545454545455,0.568169950574889
1998,0.464646464646465,0.574365275289222
1998,0.474747474747475,0.581153335656224
1998,0.484848484848485,0.585635703229928
1998,0.494949494949495,0.586664151644455
1998,0.505050505050505,0.585768142809222
1998,0.515151515151515,0.587140006566169
1998,0.525252525252525,0.591092200347036
1998,0.535353535353535,0.597054100325802
1998,0.545454545454545,0.603617195741005
1998,0.555555555555556,0.608314835203255
1998,0.565656565656566,0.611959586121268
1998,0.575757575757576,0.614791274401273
1998,0.585858585858586,0.618780762940962
1998,0.595959595959596,0.62448029037212
1998,0.606060606060606,0.631507638556631
1998,0.616161616161616,0.640468448154383
1998,0.626262626262626,0.648950160217722
1998,0.636363636363636,0.654376848142038
1998,0.646464646464647,0.655076882691034
1998,0.656565656565657,0.654553292003286
1998,0.666666666666667,0.657991150527651
1998,0.676767676767677,0.666825117991924
1998,0.686868686868687,0.681135622653591
1998,0.696969696969697,0.694253071532801
1998,0.707070707070707,0.704240701979684
1998,0.717171717171717,0.711763071336866
1998,0.727272727272727,0.719584220193221
1998,0.737373737373737,0.727254370247114
1998,0.747474747474748,0.733839049221856
1998,0.757575757575758,0.737967939889949
1998,0.767676767676768,0.744760155603134
1998,0.777777777777778,0.756095223120083
1998,0.787878787878788,0.76930912218141
1998,0.797979797979798,0.784313014907566
1998,0.808080808080808,0.80038216706716
1998,0.818181818181818,0.814892358817314
1998,0.828282828282828,0.826548899819101
1998,0.838383838383838,0.835807119326695
1998,0.848484848484849,0.843351322893142
1998,0.858585858585859,0.850233005320009
1998,0.868686868686869,0.859658656287225
1998,0.878787878787879,0.874821162522848
1998,0.888888888888889,0.89626348640075
1998,0.898989898989899,0.918097534785207
1998,0.909090909090909,0.937985196972524
1998,0.919191919191919,0.953362506575294
1998,0.929292929292929,0.968014568766925
1998,0.939393939393939,0.986890141617451
1998,0.94949494949495,1.00925083491732
1998,0.95959595959596,1.03575191022653
1998,0.96969696969697,1.06661034076113
1998,0.97979797979798,1.09883134795273
1998,0.98989898989899,1.11758556787959
1998,1,1.0780188051901
1999,0,0.278401214388252
1999,0.0101010101010101,0.282867444988145
1999,0.0202020202020202,0.28698633251101
1999,0.0303030303030303,0.291388809415721
1999,0.0404040404040404,0.294718860623932
1999,0.0505050505050505,0.299533359274461
1999,0.0606060606060606,0.302728490693696
1999,0.0707070707070707,0.308939337819306
1999,0.0808080808080808,0.317265584075751
1999,0.0909090909090909,0.324813861032216
1999,0.101010101010101,0.332496714831891
1999,0.111111111111111,0.335785585546465
1999,0.121212121212121,0.342861920088464
1999,0.131313131313131,0.349970023911253
1999,0.141414141414141,0.357144982291895
1999,0.151515151515152,0.364241143071907
1999,0.161616161616162,0.370390470726575
1999,0.171717171717172,0.381119727080071
1999,0.181818181818182,0.400511787873996
1999,0.191919191919192,0.416027378897518
1999,0.202020202020202,0.427720302180136
1999,0.212121212121212,0.437912645706259
1999,0.222222222222222,0.445024910853298
1999,0.232323232323232,0.44899390227088
1999,0.242424242424242,0.453112263858125
1999,0.252525252525253,0.458841983179201
1999,0.262626262626263,0.46325449597653
1999,0.272727272727273,0.469139360184496
1999,0.282828282828283,0.475742218007086
1999,0.292929292929293,0.480004274397136
1999,0.303030303030303,0.482021673679103
1999,0.313131313131313,0.482277052363399
1999,0.323232323232323,0.482158427324021
1999,0.333333333333333,0.486271112356878
1999,0.343434343434343,0.492251308642912
1999,0.353535353535354,0.510346676102167
1999,0.363636363636364,0.527653513691989
1999,0.373737373737374,0.53964757375863
1999,0.383838383838384,0.55537665470044
1999,0.393939393939394,0.56284026368543
1999,0.404040404040404,0.566120803580355
1999,0.414141414141414,0.568731836064566
1999,0.424242424242424,0.569452594031391
1999,0.434343434343434,0.571287203510183
1999,0.444444444444444,0.574730296228875
1999,0.454545454545455,0.579353585257664
1999,0.464646464646465,0.583694379734598
1999,0.474747474747475,0.583979489340014
1999,0.484848484848485,0.583098510003343
1999,0.494949494949495,0.584632731352885
1999,0.505050505050505,0.589320609182784
1999,0.515151515151515,0.59555435414377
1999,0.525252525252525,0.60308139343413
1999,0.535353535353535,0.610248124361463
1999,0.545454545454545,0.616731169006788
1999,0.555555555555556,0.624927916597058
1999,0.565656565656566,0.634319411064475
1999,0.575757575757576,0.645609657537341
1999,0.585858585858586,0.657183210654967
1999,0.595959595959596,0.670945201910709
1999,0.606060606060606,0.698729373584746
1999,0.616161616161616,0.732690899790792
1999,0.626262626262626,0.778401927844183
1999,0.636363636363636,0.834078217187025
1999,0.646464646464647,0.900001165639436
1999,0.656565656565657,0.963274558396836
1999,0.666666666666667,1.0151640876085
1999,0.676767676767677,1.04183878354664
1999,0.686868686868687,1.06170630328519
1999,0.696969696969697,1.0761190950211
1999,0.707070707070707,1.08258961970697
1999,0.717171717171717,1.08347377106322
1999,0.727272727272727,1.08281058129472
1999,0.737373737373737,1.07084233510703
1999,0.747474747474748,1.05496435027744
1999,0.757575757575758,1.03802224724195
1999,0.767676767676768,1.03304554968581
1999,0.777777777777778,1.03209737615429
1999,0.787878787878788,1.0321120980985
1999,0.797979797979798,1.02300780475107
1999,0.808080808080808,1.01073113822452
1999,0.818181818181818,0.998395156570214
1999,0.828282828282828,0.989587327881804
1999,0.838383838383838,0.984167376191163
1999,0.848484848484849,0.982007195122901
1999,0.858585858585859,0.985589937483288
1999,0.868686868686869,0.992208135755711
1999,0.878787878787879,1.00453459902664
1999,0.888888888888889,1.01988426029133
1999,0.898989898989899,1.03961551061552
1999,0.909090909090909,1.06041288644796
1999,0.919191919191919,1.07846256729242
1999,0.929292929292929,1.09829887685395
1999,0.939393939393939,1.1216661682606
1999,0.94949494949495,1.1520533596588
1999,0.95959595959596,1.19370426042264
1999,0.96969696969697,1.24125416918762
1999,0.97979797979798,1.28648531263558
1999,0.98989898989899,1.3099881908269
1999,1,1.32085585196486
2000,0,0.38170859223383
2000,0.0101010101010101,0.384297177922776
2000,0.0202020202020202,0.387479457158703
2000,0.0303030303030303,0.390082849339392
2000,0.0404040404040404,0.391107394643929
2000,0.0505050505050505,0.392894092314954
2000,0.0606060606060606,0.395354789049733
2000,0.0707070707070707,0.397065298530177
2000,0.0808080808080808,0.39898406394883
2000,0.0909090909090909,0.400247841704398
2000,0.101010101010101,0.40278084019361
2000,0.111111111111111,0.407855165153149
2000,0.121212121212121,0.408354860980099
2000,0.131313131313131,0.404903748663062
2000,0.141414141414141,0.406935713707938
2000,0.151515151515152,0.407881655823155
2000,0.161616161616162,0.408034847801579
2000,0.171717171717172,0.410457244061386
2000,0.181818181818182,0.41226463651487
2000,0.191919191919192,0.410955900464328
2000,0.202020202020202,0.412577418248038
2000,0.212121212121212,0.415934056156156
2000,0.222222222222222,0.420667465975066
2000,0.232323232323232,0.425498389592002
2000,0.242424242424242,0.428278919535581
2000,0.252525252525253,0.430687233236167
2000,0.262626262626263,0.433434354880055
2000,0.272727272727273,0.437713766126816
2000,0.282828282828283,0.445745372662977
2000,0.292929292929293,0.449086630368043
2000,0.303030303030303,0.457776134740069
2000,0.313131313131313,0.466483747581467
2000,0.323232323232323,0.471524736671791
2000,0.333333333333333,0.477103261476599
2000,0.343434343434343,0.479735742225596
2000,0.353535353535354,0.482435050119563
2000,0.363636363636364,0.487449971017217
2000,0.373737373737374,0.496999888003262
2000,0.383838383838384,0.505160945690333
2000,0.393939393939394,0.517160460987786
2000,0.404040404040404,0.521013806713747
2000,0.414141414141414,0.525279832506603
2000,0.424242424242424,0.529719606322665
2000,0.434343434343434,0.534520296483555
2000,0.444444444444444,0.539987031773541
2000,0.454545454545455,0.54151643526587
2000,0.464646464646465,0.545118191995763
2000,0.474747474747475,0.552921553143851
2000,0.484848484848485,0.563398667774458
2000,0.494949494949495,0.563474708579301
2000,0.505050505050505,0.566549907461632
2000,0.515151515151515,0.572241825419245
2000,0.525252525252525,0.577196964707529
2000,0.535353535353535,0.579295213855757
2000,0.545454545454545,0.582731349078555
2000,0.555555555555556,0.586341593043009
2000,0.565656565656566,0.587965567090725
2000,0.575757575757576,0.589794922702578
2000,0.585858585858586,0.591857979122705
2000,0.595959595959596,0.59471010516414
2000,0.606060606060606,0.598627794342846
2000,0.616161616161616,0.602668832373911
2000,0.626262626262626,0.606372082477124
2000,0.636363636363636,0.609671429436343
2000,0.646464646464647,0.614695153167433
2000,0.656565656565657,0.620452050853748
2000,0.666666666666667,0.625850971226591
2000,0.676767676767677,0.630820855317732
2000,0.686868686868687,0.638662993254155
2000,0.696969696969697,0.647836206662736
2000,0.707070707070707,0.659802549018255
2000,0.717171717171717,0.672806321902732
2000,0.727272727272727,0.686597592921526
2000,0.737373737373737,0.706015802468679
2000,0.747474747474748,0.726813145939337
2000,0.757575757575758,0.753035237225176
2000,0.767676767676768,0.782332072528437
2000,0.777777777777778,0.810715551215833
2000,0.787878787878788,0.84265847196407
2000,0.797979797979798,0.859997500404714
2000,0.808080808080808,0.872148093364645
2000,0.818181818181818,0.89166676087211
2000,0.828282828282828,0.915992737676466
2000,0.838383838383838,0.938578148138929
2000,0.848484848484849,0.957900864955033
2000,0.858585858585859,0.975678578826191
2000,0.868686868686869,0.996033528967396
2000,0.878787878787879,1.02043666896957
2000,0.888888888888889,1.04661445690161
2000,0.898989898989899,1.07075408045393
2000,0.909090909090909,1.08735034587915
2000,0.919191919191919,1.09963488072582
2000,0.929292929292929,1.11435023050046
2000,0.939393939393939,1.12534100383317
2000,0.94949494949495,1.12934980177803
2000,0.95959595959596,1.12689746275194
2000,0.96969696969697,1.11847202812068
2000,0.97979797979798,1.11171617488224
2000,0.98989898989899,1.112106433777
2000,1,1.11717072323626
2001,0,0.338337272317498
2001,0.0101010101010101,0.340915464732887
2001,0.0202020202020202,0.345450459315269
2001,0.0303030303030303,0.351247777676588
2001,0.0404040404040404,0.354873386614076
2001,0.0505050505050505,0.356583866104425
2001,0.0606060606060606,0.359928147411503
2001,0.0707070707070707,0.364040211354237
2001,0.0808080808080808,0.367921550963712
2001,0.0909090909090909,0.371104233567702
2001,0.101010101010101,0.374003762761353
2001,0.111111111111111,0.37588736473161
2001,0.121212121212121,0.377911412310947
2001,0.131313131313131,0.380721438302533
2001,0.141414141414141,0.383791445431696
2001,0.151515151515152,0.386815300010276
2001,0.161616161616162,0.391147541474291
2001,0.171717171717172,0.394871997061024
2001,0.181818181818182,0.398721866730845
2001,0.191919191919192,0.403784007540193
2001,0.202020202020202,0.408844046557952
2001,0.212121212121212,0.412251237050421
2001,0.222222222222222,0.416642354520437
2001,0.232323232323232,0.420922021002257
2001,0.242424242424242,0.424069413479102
2001,0.252525252525253,0.428061601431153
2001,0.262626262626263,0.433165868498564
2001,0.272727272727273,0.438042055547911
2001,0.282828282828283,0.441646717011061
2001,0.292929292929293,0.447282145867277
2001,0.303030303030303,0.455548011573691
2001,0.313131313131313,0.461833655465224
2001,0.323232323232323,0.468368711494818
2001,0.333333333333333,0.477668804297095
2001,0.343434343434343,0.484444657856559
2001,0.353535353535354,0.491919175025522
2001,0.363636363636364,0.501972692021717
2001,0.373737373737374,0.512241138044598
2001,0.383838383838384,0.519666489523098
2001,0.393939393939394,0.526570323066907
2001,0.404040404040404,0.533322368104427
2001,0.414141414141414,0.542661662393188
2001,0.424242424242424,0.551532252422191
2001,0.434343434343434,0.559123441008636
2001,0.444444444444444,0.563027489771382
2001,0.454545454545455,0.565346567316098
2001,0.464646464646465,0.568778746554767
2001,0.474747474747475,0.572721847190699
2001,0.484848484848485,0.578875940018735
2001,0.494949494949495,0.583102986231841
2001,0.505050505050505,0.582213155161607
2001,0.515151515151515,0.583088070510491
2001,0.525252525252525,0.582659767533973
2001,0.535353535353535,0.583528459742709
2001,0.545454545454545,0.584812022145302
2001,0.555555555555556,0.585714764256429
2001,0.565656565656566,0.587317127252266
2001,0.575757575757576,0.587686315633929
2001,0.585858585858586,0.58832656298439
2001,0.595959595959596,0.589829594133758
2001,0.606060606060606,0.59412052882329
2001,0.616161616161616,0.600423494641754
2001,0.626262626262626,0.608330838176438
2001,0.636363636363636,0.617762799245515
2001,0.646464646464647,0.628297900636143
2001,0.656565656565657,0.638499503349666
2001,0.666666666666667,0.648038462153973
2001,0.676767676767677,0.656176729852684
2001,0.686868686868687,0.666345750705838
2001,0.696969696969697,0.679002988322427
2001,0.707070707070707,0.690859746302751
2001,0.717171717171717,0.707848551235795
2001,0.727272727272727,0.726073917783412
2001,0.737373737373737,0.743647576555878
2001,0.747474747474748,0.762880250820671
2001,0.757575757575758,0.786709016834932
2001,0.767676767676768,0.808139126888884
2001,0.777777777777778,0.83188150937693
2001,0.787878787878788,0.847157045463112
2001,0.797979797979798,0.862001326616521
2001,0.808080808080808,0.875653030664677
2001,0.818181818181818,0.889752764042476
2001,0.828282828282828,0.899701392084702
2001,0.838383838383838,0.907845078414031
2001,0.848484848484849,0.916066983383953
2001,0.858585858585859,0.93104518100451
2001,0.868686868686869,0.954026918447309
2001,0.878787878787879,0.982023481712988
2001,0.888888888888889,1.01252684773721
2001,0.898989898989899,1.0460107759066
2001,0.909090909090909,1.08039322745804
2001,0.919191919191919,1.11415938970846
2001,0.929292929292929,1.14769336863666
2001,0.939393939393939,1.17851682403374
2001,0.94949494949495,1.20689770209031
2001,0.95959595959596,1.23428559403558
2001,0.96969696969697,1.25590589978189
2001,0.97979797979798,1.27289552723258
2001,0.98989898989899,1.28251962436298
2001,1,1.29165419423906
2002,0,0.373525185514029
2002,0.0101010101010101,0.373343357319102
2002,0.0202020202020202,0.373380591106004
2002,0.0303030303030303,0.374028729743367
2002,0.0404040404040404,0.376595924018981
2002,0.0505050505050505,0.377745020507875
2002,0.0606060606060606,0.375991650642733
2002,0.0707070707070707,0.372548330294192
2002,0.0808080808080808,0.36882550164133
2002,0.0909090909090909,0.367505714715743
2002,0.101010101010101,0.369212237345266
2002,0.111111111111111,0.373053604793276
2002,0.121212121212121,0.378395112746416
2002,0.131313131313131,0.383989834366926
2002,0.141414141414141,0.390415409906683
2002,0.151515151515152,0.394543716676016
2002,0.161616161616162,0.399335630662562
2002,0.171717171717172,0.402391582870169
2002,0.181818181818182,0.40555166615505
2002,0.191919191919192,0.411789129354529
2002,0.202020202020202,0.419605832191905
2002,0.212121212121212,0.435142530443124
2002,0.222222222222222,0.464867998710307
2002,0.232323232323232,0.491265076804069
2002,0.242424242424242,0.497846367377092
2002,0.252525252525253,0.519297166161974
2002,0.262626262626263,0.534117189110413
2002,0.272727272727273,0.548431485619057
2002,0.282828282828283,0.555611061760261
2002,0.292929292929293,0.55796696522373
2002,0.303030303030303,0.561831286388919
2002,0.313131313131313,0.565140007510949
2002,0.323232323232323,0.568358539827141
2002,0.333333333333333,0.575314536746066
2002,0.343434343434343,0.582069324786759
2002,0.353535353535354,0.586988497965589
2002,0.363636363636364,0.588037777206013
2002,0.373737373737374,0.587175708407536
2002,0.383838383838384,0.585291205857184
2002,0.393939393939394,0.585070419376755
2002,0.404040404040404,0.587077885983609
2002,0.414141414141414,0.591661602889896
2002,0.424242424242424,0.597435785285055
2002,0.434343434343434,0.605681807249957
2002,0.444444444444444,0.618579354945177
2002,0.454545454545455,0.633907053028432
2002,0.464646464646465,0.649800171483596
2002,0.474747474747475,0.662925363651891
2002,0.484848484848485,0.68314200001807
2002,0.494949494949495,0.710660689110558
2002,0.505050505050505,0.741766400276272
2002,0.515151515151515,0.781680246890497
2002,0.525252525252525,0.826985016613311
2002,0.535353535353535,0.874975111510363
2002,0.545454545454545,0.92672000767333
2002,0.555555555555556,0.965245766815229
2002,0.565656565656566,0.998739066793148
2002,0.575757575757576,1.01862347670254
2002,0.585858585858586,1.03476418753715
2002,0.595959595959596,1.04580220551845
2002,0.606060606060606,1.05201640661959
2002,0.616161616161616,1.05738936949587
2002,0.626262626262626,1.06276618414149
2002,0.636363636363636,1.06214393313437
2002,0.646464646464647,1.06090091477039
2002,0.656565656565657,1.05626509385797
2002,0.666666666666667,1.04774976644987
2002,0.676767676767677,1.03619256743008
2002,0.686868686868687,1.02045989243426
2002,0.696969696969697,1.0026682088489
2002,0.707070707070707,0.984623275483879
2002,0.717171717171717,0.969475733511375
2002,0.727272727272727,0.95696931240141
2002,0.737373737373737,0.950761935143731
2002,0.747474747474748,0.950516619799681
2002,0.757575757575758,0.957563704462867
2002,0.767676767676768,0.967283579369284
2002,0.777777777777778,0.9733378166758
2002,0.787878787878788,0.976159887216609
2002,0.797979797979798,0.976232074742917
2002,0.808080808080808,0.979359780066954
2002,0.818181818181818,0.980950814089835
2002,0.828282828282828,0.979211384898184
2002,0.838383838383838,0.980032058591548
2002,0.848484848484849,0.984712627106658
2002,0.858585858585859,0.992813923958354
2002,0.868686868686869,1.00618093870078
2002,0.878787878787879,1.02504202219707
2002,0.888888888888889,1.0456081048979
2002,0.898989898989899,1.06577106770699
2002,0.909090909090909,1.08677048324103
2002,0.919191919191919,1.10613853168998
2002,0.929292929292929,1.12067536503815
2002,0.939393939393939,1.13173041287579
2002,0.94949494949495,1.14114474662702
2002,0.95959595959596,1.14834472287675
2002,0.96969696969697,1.16269412523522
2002,0.97979797979798,1.17435861546392
2002,0.98989898989899,1.15046905992357
2002,1,1.13848577204409
2003,0,0.425472989462351
2003,0.0101010101010101,0.426614119179663
2003,0.0202020202020202,0.423440030233743
2003,0.0303030303030303,0.4204444296889
2003,0.0404040404040404,0.419086528084686
2003,0.0505050505050505,0.418094776676793
2003,0.0606060606060606,0.414126457591922
2003,0.0707070707070707,0.413828506440148
2003,0.0808080808080808,0.414369944138938
2003,0.0909090909090909,0.415281508526166
2003,0.101010101010101,0.416704585478242
2003,0.111111111111111,0.417696814352463
2003,0.121212121212121,0.418172100487378
2003,0.131313131313131,0.418116044783003
2003,0.141414141414141,0.418008393378709
2003,0.151515151515152,0.417601769400078
2003,0.161616161616162,0.418429545962734
2003,0.171717171717172,0.420843331953729
2003,0.181818181818182,0.419819870245426
2003,0.191919191919192,0.419118903958806
2003,0.202020202020202,0.41784449290999
2003,0.212121212121212,0.415406713981867
2003,0.222222222222222,0.413431920487504
2003,0.232323232323232,0.415106392563412
2003,0.242424242424242,0.417286089745964
2003,0.252525252525253,0.418501481474539
2003,0.262626262626263,0.419676636573337
2003,0.272727272727273,0.420988349957739
2003,0.282828282828283,0.421067319124013
2003,0.292929292929293,0.422978057670804
2003,0.303030303030303,0.424811708043341
2003,0.313131313131313,0.42606808993241
2003,0.323232323232323,0.427115354542938
2003,0.333333333333333,0.427136464833663
2003,0.343434343434343,0.428027017614866
2003,0.353535353535354,0.429713408362853
2003,0.363636363636364,0.434209622967199
2003,0.373737373737374,0.438708030415726
2003,0.383838383838384,0.440282931240284
2003,0.393939393939394,0.439334439904089
2003,0.404040404040404,0.438982920703618
2003,0.414141414141414,0.439360227450348
2003,0.424242424242424,0.440787926913554
2003,0.434343434343434,0.444525692339082
2003,0.444444444444444,0.448849774076927
2003,0.454545454545455,0.45745370895
2003,0.464646464646465,0.46844267743739
2003,0.474747474747475,0.473892061536247
2003,0.484848484848485,0.481437863640453
2003,0.494949494949495,0.490723570375685
2003,0.505050505050505,0.500918898914449
2003,0.515151515151515,0.509582089200342
2003,0.525252525252525,0.516433902798511
2003,0.535353535353535,0.521911015309214
2003,0.545454545454545,0.522306434459474
2003,0.555555555555556,0.528673693423272
2003,0.565656565656566,0.535294324467753
2003,0.575757575757576,0.541634075118578
2003,0.585858585858586,0.547353983186076
2003,0.595959595959596,0.553207460167223
2003,0.606060606060606,0.559311982549331
2003,0.616161616161616,0.566501023810469
2003,0.626262626262626,0.576296531573685
2003,0.636363636363636,0.586460260364859
2003,0.646464646464647,0.596912315680025
2003,0.656565656565657,0.610057429382939
2003,0.666666666666667,0.621302568444495
2003,0.676767676767677,0.630567767291696
2003,0.686868686868687,0.639666609402115
2003,0.696969696969697,0.655531062914494
2003,0.707070707070707,0.674641209425533
2003,0.717171717171717,0.691802360171222
2003,0.727272727272727,0.708358830610438
2003,0.737373737373737,0.726417762071338
2003,0.747474747474748,0.74542424173695
2003,0.757575757575758,0.767359841520707
2003,0.767676767676768,0.789818201430086
2003,0.777777777777778,0.80971787867106
2003,0.787878787878788,0.826540102737011
2003,0.797979797979798,0.841893963130436
2003,0.808080808080808,0.856144160316121
2003,0.818181818181818,0.870330660777051
2003,0.828282828282828,0.880868726758463
2003,0.838383838383838,0.887934145698149
2003,0.848484848484849,0.892787021931997
2003,0.858585858585859,0.895740151456072
2003,0.868686868686869,0.89872546735201
2003,0.878787878787879,0.904528161840779
2003,0.888888888888889,0.908434339058568
2003,0.898989898989899,0.908535168939945
2003,0.909090909090909,0.907976671285563
2003,0.919191919191919,0.909457952635177
2003,0.929292929292929,0.905967297983852
2003,0.939393939393939,0.900312291662076
2003,0.94949494949495,0.893807457329452
2003,0.95959595959596,0.886447505290643
2003,0.96969696969697,0.891432233063432
2003,0.97979797979798,0.900895426271489
2003,0.98989898989899,0.912850235923062
2003,1,0.925570698378992
2004,0,0.360317592270302
2004,0.0101010101010101,0.363183929509765
2004,0.0202020202020202,0.364531674441128
2004,0.0303030303030303,0.364414777159987
2004,0.0404040404040404,0.365375993260204
2004,0.0505050505050505,0.367071978036656
2004,0.0606060606060606,0.36789835527415
2004,0.0707070707070707,0.371101268456139
2004,0.0808080808080808,0.375382281036799
2004,0.0909090909090909,0.378600183923854
2004,0.101010101010101,0.37941571641651
2004,0.111111111111111,0.382209082116768
2004,0.121212121212121,0.384398366764806
2004,0.131313131313131,0.387643550550798
2004,0.141414141414141,0.395590158047854
2004,0.151515151515152,0.405288173073215
2004,0.161616161616162,0.415494055075932
2004,0.171717171717172,0.429763845715251
2004,0.181818181818182,0.443250294628256
2004,0.191919191919192,0.453234498400514
2004,0.202020202020202,0.461957390459892
2004,0.212121212121212,0.476683228677364
2004,0.222222222222222,0.496467896531198
2004,0.232323232323232,0.506448474146853
2004,0.242424242424242,0.502317537101245
2004,0.252525252525253,0.510130286414579
2004,0.262626262626263,0.519267350669143
2004,0.272727272727273,0.526142442300415
2004,0.282828282828283,0.52912742047454
2004,0.292929292929293,0.540070519231632
2004,0.303030303030303,0.547066357193856
2004,0.313131313131313,0.549931042660745
2004,0.323232323232323,0.553371541975536
2004,0.333333333333333,0.557236476184335
2004,0.343434343434343,0.563778332405185
2004,0.353535353535354,0.569156587959135
2004,0.363636363636364,0.574211186351923
2004,0.373737373737374,0.577663813592837
2004,0.383838383838384,0.579805317454316
2004,0.393939393939394,0.579995036758128
2004,0.404040404040404,0.580447851574729
2004,0.414141414141414,0.582157433423915
2004,0.424242424242424,0.584303518771564
2004,0.434343434343434,0.592381468788172
2004,0.444444444444444,0.595850017863333
2004,0.454545454545455,0.601614281139415
2004,0.464646464646465,0.600859407799277
2004,0.474747474747475,0.60053763138839
2004,0.484848484848485,0.599013847532446
2004,0.494949494949495,0.595918703500719
2004,0.505050505050505,0.597058827162684
2004,0.515151515151515,0.605782260526261
2004,0.525252525252525,0.614294775541992
2004,0.535353535353535,0.61837845805962
2004,0.545454545454545,0.619159939899448
2004,0.555555555555556,0.621187602984421
2004,0.565656565656566,0.62957145918035
2004,0.575757575757576,0.640105606422808
2004,0.585858585858586,0.649164863946073
2004,0.595959595959596,0.659399294515058
2004,0.606060606060606,0.671394294742662
2004,0.616161616161616,0.691803795863783
2004,0.626262626262626,0.712590979004205
2004,0.636363636363636,0.742094567513423
2004,0.646464646464647,0.776962240839392
2004,0.656565656565657,0.808012425523747
2004,0.666666666666667,0.849678635541689
2004,0.676767676767677,0.88839027729878
2004,0.686868686868687,0.907615685580532
2004,0.696969696969697,0.921896660994311
2004,0.707070707070707,0.933706256669732
2004,0.717171717171717,0.942891939977426
2004,0.727272727272727,0.950371581273318
2004,0.737373737373737,0.956022686094685
2004,0.747474747474748,0.960757593201218
2004,0.757575757575758,0.965315513816778
2004,0.767676767676768,0.968595075747334
2004,0.777777777777778,0.973535047846318
2004,0.787878787878788,0.979413016166186
2004,0.797979797979798,0.985350157316803
2004,0.808080808080808,0.988629898084557
2004,0.818181818181818,0.987959326598935
2004,0.828282828282828,0.984605847391042
2004,0.838383838383838,0.979542427434491
2004,0.848484848484849,0.97473584150646
2004,0.858585858585859,0.970303454321642
2004,0.868686868686869,0.964911501720599
2004,0.878787878787879,0.963666954426624
2004,0.888888888888889,0.965650050682958
2004,0.898989898989899,0.97022982318297
2004,0.909090909090909,0.978967909669718
2004,0.919191919191919,0.997181392315094
2004,0.929292929292929,1.01875405308842
2004,0.939393939393939,1.03574367526541
2004,0.94949494949495,1.06626651826189
2004,0.95959595959596,1.09859566851487
2004,0.96969696969697,1.12761907903979
2004,0.97979797979798,1.15002803311141
2004,0.98989898989899,1.16410064107749
2004,1,1.17180640225242
